stock,trading_date,avg_sentiment,news_count
AAPL,2020-03-09,-0.1484090909090909,11
AAPL,2020-03-10,-0.023850000000000003,14
AAPL,2020-03-11,-0.07836,5
AAPL,2020-03-12,-0.05972727272727273,11
AAPL,2020-03-13,0.0,2
AAPL,2020-03-16,0.015203703703703698,27
AAPL,2020-03-17,-0.07740000000000001,4
AAPL,2020-03-18,0.19130000000000003,2
AAPL,2020-03-19,0.43445,2
AAPL,2020-03-20,0.0,1
AAPL,2020-03-23,-0.043493333333333335,15
AAPL,2020-03-24,0.166925,12
AAPL,2020-03-25,0.4404,1
AAPL,2020-03-26,0.16086666666666669,12
AAPL,2020-03-27,0.0,1
AAPL,2020-03-30,0.05666,10
AAPL,2020-03-31,-0.10250000000000001,7
AAPL,2020-04-01,0.27159999999999995,4
AAPL,2020-04-02,0.05684,5
AAPL,2020-04-03,0.2202,2
AAPL,2020-04-06,0.1283875,8
AAPL,2020-04-07,0.024429999999999993,10
AAPL,2020-04-08,0.05464,5
AAPL,2020-04-13,0.07224615384615385,13
AAPL,2020-04-14,0.22291666666666668,6
AAPL,2020-04-15,0.21845,8
AAPL,2020-04-16,-0.03269,10
AAPL,2020-04-17,0.04930000000000001,2
AAPL,2020-04-20,0.08588,10
AAPL,2020-04-21,0.1023,4
AAPL,2020-04-22,-0.005716666666666671,6
AAPL,2020-04-23,-0.15058333333333332,6
AAPL,2020-04-24,0.1779,1
AAPL,2020-04-27,0.11795789473684211,19
AAPL,2020-04-28,0.413375,4
AAPL,2020-04-29,0.20268055555555556,36
AAPL,2020-04-30,0.07381785714285714,28
AAPL,2020-05-01,-0.3412,1
AAPL,2020-05-04,0.052107692307692306,13
AAPL,2020-05-05,0.0,5
AAPL,2020-05-07,0.11655714285714287,7
AAPL,2020-05-08,0.0,1
AAPL,2020-05-11,-0.07633000000000001,10
AAPL,2020-05-12,0.2483,3
AAPL,2020-05-13,-0.06263333333333333,6
AAPL,2020-05-14,0.006814285714285717,7
AAPL,2020-05-15,0.0,1
AAPL,2020-05-18,0.10341428571428571,7
AAPL,2020-05-19,0.09254285714285714,7
AAPL,2020-05-20,0.0007200000000000095,5
AAPL,2020-05-21,0.0,1
AAPL,2020-05-26,0.22297857142857144,14
AAPL,2020-05-27,-0.02589999999999998,4
AAPL,2020-05-28,-0.4023,1
AAPL,2020-06-01,-0.31842857142857145,14
AAPL,2020-06-09,0.2469,4
AAPL,2020-06-10,0.19885,6
AMZN,2020-04-27,0.030181818181818185,22
AMZN,2020-04-28,0.11759333333333334,15
AMZN,2020-04-29,0.19513333333333335,27
AMZN,2020-04-30,0.09047560975609757,41
AMZN,2020-05-01,0.012399999999999994,2
AMZN,2020-05-04,0.04078000000000001,15
AMZN,2020-05-05,0.20104444444444444,9
AMZN,2020-05-06,0.212425,4
AMZN,2020-05-07,0.0,2
AMZN,2020-05-08,0.0,1
AMZN,2020-05-11,0.07442380952380952,21
AMZN,2020-05-12,0.13204444444444446,9
AMZN,2020-05-13,0.10715999999999999,5
AMZN,2020-05-14,0.15211666666666668,12
AMZN,2020-05-15,0.21075,2
AMZN,2020-05-18,0.12674615384615384,13
AMZN,2020-05-19,0.12344444444444444,9
AMZN,2020-05-20,0.09384444444444445,9
AMZN,2020-05-21,0.08808,5
AMZN,2020-05-22,0.0,1
AMZN,2020-05-26,0.2227529411764706,17
AMZN,2020-05-27,0.079625,4
AMZN,2020-05-28,0.400675,4
AMZN,2020-05-29,0.1779,1
AMZN,2020-06-01,-0.12870555555555555,18
AMZN,2020-06-09,0.07777500000000004,4
AMZN,2020-06-10,0.3912333333333333,6
GOOG,2018-11-12,0.0,2
GOOG,2018-11-13,0.4037,2
GOOG,2018-11-14,0.218,4
GOOG,2018-11-15,-0.10175000000000001,2
GOOG,2018-11-16,0.2023,1
GOOG,2018-11-19,0.2842,3
GOOG,2018-11-20,0.0,1
GOOG,2018-11-26,0.25015,8
GOOG,2018-11-27,0.0,1
GOOG,2018-11-28,0.0,1
GOOG,2018-11-29,0.3818,1
GOOG,2018-12-03,0.0,1
GOOG,2018-12-04,0.0,1
GOOG,2018-12-06,0.1806,2
GOOG,2018-12-10,0.29034,5
GOOG,2018-12-11,0.4404,1
GOOG,2018-12-12,0.4404,1
GOOG,2018-12-14,0.3818,1
GOOG,2018-12-17,0.07655,2
GOOG,2018-12-19,-0.128,1
GOOG,2018-12-24,0.128,1
GOOG,2018-12-26,0.11687499999999999,4
GOOG,2018-12-27,0.0,1
GOOG,2019-01-02,-0.18409999999999999,4
GOOG,2019-01-03,0.1774,4
GOOG,2019-01-07,0.28076666666666666,3
GOOG,2019-01-09,-0.055449999999999985,4
GOOG,2019-01-14,-0.055566666666666674,6
GOOG,2019-01-15,0.0516,1
GOOG,2019-01-16,0.3481,2
GOOG,2019-01-22,-0.06057142857142857,7
GOOG,2019-01-23,0.260925,4
GOOG,2019-01-24,0.4404,1
GOOG,2019-01-25,0.0,1
GOOG,2019-01-28,-0.10153333333333332,3
GOOG,2019-01-29,0.0,2
GOOG,2019-01-30,-0.07543333333333334,3
GOOG,2019-01-31,0.4537,2
GOOG,2019-02-04,0.17124166666666665,24
GOOG,2019-02-05,0.39185,2
GOOG,2019-02-06,-0.1796333333333333,3
GOOG,2019-02-11,-0.2934333333333333,3
GOOG,2019-02-12,0.3182,1
GOOG,2019-02-13,0.0381,3
GOOG,2019-02-14,0.3062,2
GOOG,2019-02-19,0.37497499999999995,4
GOOG,2019-02-20,-0.15674000000000002,5
GOOG,2019-02-21,0.4215,1
GOOG,2019-02-22,0.0,1
GOOG,2019-02-25,0.07623333333333332,3
GOOG,2019-02-26,0.0,1
GOOG,2019-02-27,0.0,1
GOOG,2019-02-28,0.35229999999999995,2
GOOG,2019-03-04,-0.08475,2
GOOG,2019-03-05,-0.296,1
GOOG,2019-03-06,0.7003,1
GOOG,2019-03-07,0.4939,1
GOOG,2019-03-11,-0.04829999999999999,3
GOOG,2019-03-14,0.0,3
GOOG,2019-03-18,0.0,4
GOOG,2019-03-19,0.13445000000000001,4
GOOG,2019-03-20,0.22666666666666668,3
GOOG,2019-03-25,-0.1097,3
GOOG,2019-03-26,0.253,2
GOOG,2019-03-27,0.0,2
GOOG,2019-03-28,0.0,1
GOOG,2019-04-01,0.15293333333333334,3
GOOG,2019-04-03,0.0,1
GOOG,2019-04-04,0.3182,1
GOOG,2019-04-08,0.3830777777777778,9
GOOG,2019-04-09,0.0,4
GOOG,2019-04-10,0.0,1
GOOG,2019-04-15,0.11333333333333334,3
GOOG,2019-04-16,0.0386,2
GOOG,2019-04-17,-0.1779,1
GOOG,2019-04-22,0.29683333333333334,6
GOOG,2019-04-23,0.0,2
GOOG,2019-04-25,0.0,1
GOOG,2019-04-29,0.029036363636363638,22
GOOG,2019-04-30,0.23693999999999998,5
GOOG,2019-05-01,-0.027300000000000012,5
GOOG,2019-05-02,0.0,1
GOOG,2019-05-06,-0.045533333333333335,6
GOOG,2019-05-07,-0.085,4
GOOG,2019-05-08,-0.3597,1
GOOG,2019-05-09,-0.6369,1
GOOG,2019-05-13,0.296,1
GOOG,2019-05-14,0.20258571428571429,7
GOOG,2019-05-15,0.2202,2
GOOG,2019-05-16,-0.13396666666666665,3
GOOG,2019-05-20,0.06626,5
GOOG,2019-05-21,0.08558,5
GOOG,2019-05-22,-0.149,3
GOOG,2019-05-23,-0.2732,1
GOOG,2019-05-28,-0.1661,4
GOOG,2019-05-29,-0.3818,1
GOOG,2019-05-30,-0.26335,2
GOOG,2019-06-03,0.2879142857142857,14
GOOG,2019-06-04,0.0,2
GOOG,2019-06-05,0.119175,4
GOOG,2019-06-06,0.08547999999999999,5
GOOG,2019-06-10,0.1017,12
GOOG,2019-06-11,0.0,1
GOOG,2019-06-12,-0.08637500000000002,4
GOOG,2019-06-13,0.0,1
GOOG,2019-06-17,0.08268888888888888,9
GOOG,2019-06-18,0.1591,2
GOOG,2019-06-19,0.31836666666666663,3
GOOG,2019-06-20,0.16696666666666662,3
GOOG,2019-06-24,-0.1342142857142857,7
GOOG,2019-06-25,0.07316666666666666,6
GOOG,2019-06-26,0.0,2
GOOG,2019-07-01,0.212,2
GOOG,2019-07-08,0.2703,4
GOOG,2019-07-10,0.2563,5
GOOG,2019-07-11,-0.008049999999999946,2
GOOG,2019-07-15,0.226175,4
GOOG,2019-07-16,0.18144,5
GOOG,2019-07-17,-0.20095,2
GOOG,2019-07-18,0.2860666666666667,3
GOOG,2019-07-22,0.12931428571428571,7
GOOG,2019-07-23,-0.2113,2
GOOG,2019-07-24,0.12589333333333333,15
GOOG,2019-07-25,0.08090666666666667,15
GOOG,2019-07-26,0.0593,3
GOOG,2019-07-29,0.1274833333333333,12
GOOG,2019-07-30,0.121275,4
GOOG,2019-07-31,-0.20095,2
GOOG,2019-08-01,0.296,2
GOOG,2019-08-05,-0.08317500000000001,4
GOOG,2019-08-06,-0.08333333333333333,3
GOOG,2019-08-07,0.19063333333333332,3
GOOG,2019-08-08,-0.0201,3
GOOG,2019-08-12,0.15136,5
GOOG,2019-08-13,0.0,1
GOOG,2019-08-14,0.3825,2
GOOG,2019-08-15,0.26335,2
GOOG,2019-08-19,0.017259999999999987,5
GOOG,2019-08-20,0.631,1
GOOG,2019-08-21,-0.07740000000000001,4
GOOG,2019-08-22,-0.064,2
GOOG,2019-08-26,0.31101666666666666,6
GOOG,2019-08-27,-0.372425,4
GOOG,2019-08-29,0.038950000000000005,4
GOOG,2019-09-03,-0.08635,8
GOOG,2019-09-04,0.0,4
GOOG,2019-09-05,-0.16893750000000002,8
GOOG,2019-09-09,0.042671428571428575,7
GOOG,2019-09-11,0.01773333333333334,6
GOOG,2019-09-12,0.0,1
GOOG,2019-09-16,0.0,2
GOOG,2019-09-18,-0.05135,2
GOOG,2019-09-19,0.3182,1
GOOG,2019-09-23,0.11907500000000001,8
GOOG,2019-09-24,0.064,2
GOOG,2019-09-25,0.1779,1
GOOG,2019-09-30,0.0,4
GOOG,2019-10-01,-0.14643333333333333,6
GOOG,2019-10-02,0.0,1
GOOG,2019-10-03,0.0,2
GOOG,2019-10-07,0.0903,4
GOOG,2019-10-08,0.0,2
GOOG,2019-10-09,-0.765,1
GOOG,2019-10-10,0.05135,2
GOOG,2019-10-14,0.1028,9
GOOG,2019-10-15,-0.22925,2
GOOG,2019-10-16,0.0,1
GOOG,2019-10-17,0.5267,1
GOOG,2019-10-21,0.014757142857142858,7
GOOG,2019-10-22,0.16945,4
GOOG,2019-10-23,0.0,1
GOOG,2019-10-24,0.0,3
GOOG,2019-10-28,0.06686363636363636,33
GOOG,2019-10-29,0.064,2
GOOG,2019-10-30,0.44620000000000004,2
GOOG,2019-10-31,0.0,4
GOOG,2019-11-04,0.0032500000000000306,4
GOOG,2019-11-05,0.03595000000000001,4
GOOG,2019-11-06,0.059199999999999996,5
GOOG,2019-11-07,0.0,1
GOOG,2019-11-11,0.006285714285714291,7
GOOG,2019-11-12,0.2479,6
GOOG,2019-11-13,0.142975,4
GOOG,2019-11-14,0.20682,5
GOOG,2019-11-18,-0.08721666666666666,6
GOOG,2019-11-19,0.4019,1
GOOG,2019-11-20,0.06949999999999999,3
GOOG,2019-11-25,0.058199999999999995,6
GOOG,2019-11-29,0.0,1
GOOG,2019-12-02,0.04736923076923077,13
GOOG,2019-12-03,0.27115,8
GOOG,2019-12-04,0.5267,1
GOOG,2019-12-05,0.0,2
GOOG,2019-12-09,0.0004000000000000045,4
GOOG,2019-12-10,-0.035100000000000006,4
GOOG,2019-12-12,-0.5719,1
GOOG,2019-12-16,0.07955,4
GOOG,2019-12-17,0.1177,5
GOOG,2019-12-18,0.1806,2
GOOG,2019-12-19,0.0,2
GOOG,2019-12-20,0.1779,1
GOOG,2019-12-23,0.3256333333333334,3
GOOG,2019-12-24,0.0,1
GOOG,2019-12-26,0.12955999999999998,5
GOOG,2019-12-30,-0.1702,4
GOOG,2020-01-02,-0.1527,4
GOOG,2020-01-06,0.131675,4
GOOG,2020-01-07,0.0,1
GOOG,2020-01-08,0.08895,2
GOOG,2020-01-09,0.0,2
GOOG,2020-01-13,-0.06828333333333333,6
GOOG,2020-01-14,0.2553,2
GOOG,2020-01-15,0.18162,5
GOOG,2020-01-16,0.12513333333333335,6
GOOG,2020-01-21,0.043083333333333335,6
GOOG,2020-01-23,0.128,1
GOOG,2020-01-27,0.035250000000000004,12
GOOG,2020-01-28,0.0,2
GOOG,2020-01-29,0.1909,2
GOOG,2020-01-30,0.10115,2
GOOG,2020-02-03,0.07681219512195121,41
GOOG,2020-02-04,0.5106,1
GOOG,2020-02-05,0.14381666666666668,6
GOOG,2020-02-06,-0.1366,2
GOOG,2020-02-10,0.02974444444444445,9
GOOG,2020-02-11,0.37293333333333334,3
GOOG,2020-02-12,0.13975,2
GOOG,2020-02-13,0.1413333333333333,3
GOOG,2020-02-18,-0.045099999999999994,7
GOOG,2020-02-19,0.14562,5
GOOG,2020-02-20,0.18142857142857144,7
GOOG,2020-02-24,0.16660833333333333,12
GOOG,2020-02-25,0.0,1
GOOG,2020-02-26,0.11723333333333334,3
GOOG,2020-02-27,0.028766666666666645,3
GOOG,2020-03-02,-0.04526,5
GOOG,2020-03-03,0.0,2
GOOG,2020-03-04,0.021083333333333332,6
GOOG,2020-03-05,0.06870000000000001,5
GOOG,2020-03-09,-0.11165,8
GOOG,2020-03-10,0.003199999999999992,10
GOOG,2020-03-11,-0.06745000000000001,2
GOOG,2020-03-12,0.14865,6
GOOG,2020-03-16,0.05756153846153845,13
GOOG,2020-03-17,-0.0399,3
GOOG,2020-03-18,0.5106,1
GOOG,2020-03-19,-0.37895,2
GOOG,2020-03-23,0.12156,10
GOOG,2020-03-24,0.0409,4
GOOG,2020-03-26,0.2164,6
GOOG,2020-03-30,-0.11228,5
GOOG,2020-03-31,0.0,3
GOOG,2020-04-01,-0.11790000000000002,4
GOOG,2020-04-02,-0.10525000000000004,2
GOOG,2020-04-06,0.484525,4
GOOG,2020-04-07,-0.006571428571428561,7
GOOG,2020-04-08,-0.03423333333333333,3
GOOG,2020-04-13,0.15181250000000002,8
GOOG,2020-04-14,0.33262,5
GOOG,2020-04-15,0.14546666666666666,3
GOOG,2020-04-16,-0.128,1
GOOG,2020-04-20,-0.10986,5
GOOG,2020-04-21,0.19775,6
GOOG,2020-04-22,0.021949999999999997,4
GOOG,2020-04-23,-0.22593333333333332,3
GOOG,2020-04-27,0.10815789473684212,19
GOOG,2020-04-28,0.21639,20
GOOG,2020-04-29,0.2202,2
GOOG,2020-04-30,0.1901,2
GOOG,2020-05-01,-0.1531,1
GOOG,2020-05-04,0.09329000000000001,10
GOOG,2020-05-05,-0.148,2
GOOG,2020-05-06,0.2850333333333333,3
GOOG,2020-05-07,0.00516,5
GOOG,2020-05-11,0.1393142857142857,7
GOOG,2020-05-12,0.209575,4
GOOG,2020-05-13,0.0,2
GOOG,2020-05-14,0.27685,6
GOOG,2020-05-15,0.0,2
GOOG,2020-05-18,0.35085,2
GOOG,2020-05-19,0.1345,5
GOOG,2020-05-20,0.0,2
GOOG,2020-05-21,-0.09866666666666667,3
GOOG,2020-05-26,0.16584285714285715,7
GOOG,2020-05-27,-0.163125,8
GOOG,2020-05-28,0.0051600000000000005,5
GOOG,2020-06-01,0.118475,4
GOOG,2020-06-04,0.0,1
GOOG,2020-06-05,-0.4110333333333333,3
GOOG,2020-06-08,0.5423,1
GOOG,2020-06-09,0.0,2
GOOG,2020-06-10,0.29583333333333334,3
META,2020-02-18,0.1909,2
META,2020-02-19,0.3286,2
META,2020-02-20,0.02099999999999998,4
META,2020-02-24,0.1097,8
META,2020-02-25,0.0,2
META,2020-02-26,-0.1665,3
META,2020-02-27,0.04403333333333332,6
META,2020-03-02,0.15539999999999998,5
META,2020-03-04,0.03413333333333332,9
META,2020-03-05,-0.07974,5
META,2020-03-09,-0.185875,12
META,2020-03-10,0.025814285714285717,7
META,2020-03-11,-0.28175,2
META,2020-03-12,0.31096666666666667,3
META,2020-03-16,0.17324444444444442,9
META,2020-03-17,-0.02394,5
META,2020-03-18,0.4847,2
META,2020-03-19,-0.056575,4
META,2020-03-23,-0.004842857142857141,7
META,2020-03-24,-0.06518333333333334,6
META,2020-03-25,0.0053500000000000075,4
META,2020-03-26,0.19443333333333335,3
META,2020-03-30,0.1636125,8
META,2020-03-31,0.0,1
META,2020-04-01,0.09545,4
META,2020-04-02,-0.0547,4
META,2020-04-03,0.4404,1
META,2020-04-06,0.2506333333333333,6
META,2020-04-07,0.19437500000000002,4
META,2020-04-08,0.0,4
META,2020-04-13,0.1594,5
META,2020-04-14,0.2676,3
META,2020-04-15,0.07533,10
META,2020-04-16,0.4063,2
META,2020-04-20,-0.03934,10
META,2020-04-21,0.07863750000000001,8
META,2020-04-22,0.2992,2
META,2020-04-23,0.010899999999999998,5
META,2020-04-24,0.0,1
META,2020-04-27,0.03558,5
META,2020-04-28,0.13426315789473686,19
META,2020-04-29,0.15565833333333334,36
META,2020-04-30,0.03558,5
META,2020-05-01,-0.07655,2
META,2020-05-04,-0.009325,4
META,2020-05-05,0.0,2
META,2020-05-06,0.29475,4
META,2020-05-07,0.0,3
META,2020-05-11,-0.1646,3
META,2020-05-12,-0.082225,4
META,2020-05-13,0.044475,4
META,2020-05-14,0.2129,7
META,2020-05-15,0.0,1
META,2020-05-18,0.06752727272727273,11
META,2020-05-19,0.21624,5
META,2020-05-20,0.1117375,16
META,2020-05-21,0.21230000000000002,3
META,2020-05-26,-0.021438461538461535,13
META,2020-05-27,0.06545909090909091,22
META,2020-05-28,-0.09143333333333332,3
META,2020-06-01,-0.18996,10
META,2020-06-08,0.25,1
META,2020-06-09,-0.07324999999999998,4
META,2020-06-10,0.26372,5
NVDA,2011-03-02,-0.5719,1
NVDA,2011-03-07,-0.08116666666666666,6
NVDA,2011-03-08,0.0,3
NVDA,2011-03-09,0.2023,2
NVDA,2011-03-14,-0.04956666666666667,3
NVDA,2011-03-15,-0.09866666666666667,3
NVDA,2011-03-21,0.2023,1
NVDA,2011-03-23,0.13486666666666666,3
NVDA,2011-03-28,0.14012,5
NVDA,2011-03-29,-0.1027,1
NVDA,2011-04-04,-0.10115,2
NVDA,2011-04-05,0.0,1
NVDA,2011-04-06,0.0,1
NVDA,2011-04-07,0.0,1
NVDA,2011-04-11,-0.014249999999999985,2
NVDA,2011-04-13,0.0,1
NVDA,2011-04-15,0.0,1
NVDA,2011-04-18,0.2023,2
NVDA,2011-04-25,0.5106,1
NVDA,2011-04-26,0.1692,2
NVDA,2011-04-27,0.06743333333333333,3
NVDA,2011-04-28,0.0,1
NVDA,2011-05-09,0.02054,5
NVDA,2011-05-10,0.0,2
NVDA,2011-05-11,0.028900000000000002,7
NVDA,2011-05-12,-0.01588888888888888,18
NVDA,2011-05-16,0.19234,5
NVDA,2011-05-17,0.0,1
NVDA,2011-05-23,0.08895,2
NVDA,2011-05-25,0.6369,1
NVDA,2011-05-31,-0.1953,3
NVDA,2011-06-01,-0.4019,1
NVDA,2011-06-08,0.29186666666666666,3
NVDA,2011-06-14,-0.296,1
NVDA,2011-06-22,0.2023,2
NVDA,2011-06-27,0.0,2
NVDA,2011-06-29,0.0,1
NVDA,2011-07-05,0.0,1
NVDA,2011-07-18,0.10115,4
NVDA,2011-07-20,-0.18479999999999996,2
NVDA,2011-07-25,-0.3818,1
NVDA,2011-07-27,0.1779,1
NVDA,2011-08-01,0.0,3
NVDA,2011-08-02,0.2023,2
NVDA,2011-08-08,0.14049999999999999,3
NVDA,2011-08-09,0.36005,2
NVDA,2011-08-10,0.11591111111111113,9
NVDA,2011-08-11,-0.030433333333333337,18
NVDA,2011-08-15,-0.049375000000000016,4
NVDA,2011-08-22,0.19892,5
NVDA,2011-08-25,0.2023,1
NVDA,2011-08-30,0.2023,1
NVDA,2011-09-06,0.033716666666666666,6
NVDA,2011-09-07,0.0,2
NVDA,2011-09-12,0.4588,1
NVDA,2011-09-13,0.2023,2
NVDA,2011-09-19,-0.3818,2
NVDA,2011-09-26,0.0,1
NVDA,2011-09-27,0.5267,1
NVDA,2011-09-28,0.25,1
NVDA,2011-10-03,0.2023,1
NVDA,2011-10-04,0.5994,1
NVDA,2011-10-10,0.0,2
NVDA,2011-10-12,0.2023,2
NVDA,2011-10-19,0.2023,2
NVDA,2011-10-20,0.0,1
NVDA,2011-10-26,0.0,1
NVDA,2011-10-31,0.0,2
NVDA,2011-11-02,0.2023,1
NVDA,2011-11-07,0.0,1
NVDA,2011-11-09,0.04565714285714285,7
NVDA,2011-11-10,0.028307692307692308,13
NVDA,2011-11-14,0.0,2
NVDA,2011-11-16,0.0,1
NVDA,2011-11-21,0.0,6
NVDA,2011-11-28,0.0,1
NVDA,2011-11-30,0.02360000000000001,3
NVDA,2011-12-12,-0.41975,2
NVDA,2011-12-13,0.0,1
NVDA,2011-12-19,0.0,1
NVDA,2011-12-21,0.2023,1
NVDA,2011-12-22,0.0,1
NVDA,2012-01-04,0.2023,2
NVDA,2012-01-10,0.0,2
NVDA,2012-01-17,0.0,1
NVDA,2012-01-23,-0.2113,2
NVDA,2012-01-24,0.03739999999999999,5
NVDA,2012-02-06,0.2023,1
NVDA,2012-02-07,0.37726000000000004,5
NVDA,2012-02-13,0.033716666666666666,6
NVDA,2012-02-14,0.021449999999999997,4
NVDA,2012-02-15,-0.163075,4
NVDA,2012-02-21,0.0,1
NVDA,2012-03-06,-0.5719,1
NVDA,2012-03-12,0.0,1
NVDA,2012-04-02,0.1858,3
NVDA,2012-04-04,0.0,2
NVDA,2012-04-12,0.0,1
NVDA,2012-04-16,-0.5719,1
NVDA,2012-04-23,0.4019,1
NVDA,2012-05-07,0.0,1
NVDA,2012-05-08,0.0,3
NVDA,2012-05-10,0.04876363636363637,11
NVDA,2012-05-14,-0.005174999999999992,8
NVDA,2012-05-21,0.0,1
NVDA,2012-05-24,0.0772,1
NVDA,2012-05-29,0.06743333333333333,3
NVDA,2012-05-30,0.0,3
NVDA,2012-06-04,0.3182,1
NVDA,2012-06-06,-0.33515,2
NVDA,2012-06-11,0.12336363636363636,11
NVDA,2012-06-12,0.0,1
NVDA,2012-06-14,0.0,1
NVDA,2012-06-18,-0.007999999999999998,3
NVDA,2012-06-19,-0.17,2
NVDA,2012-06-20,0.0,1
NVDA,2012-06-25,0.0,3
NVDA,2012-06-26,-0.14049999999999999,3
NVDA,2012-06-27,0.0,1
NVDA,2012-07-02,0.0,1
NVDA,2012-07-09,0.5104500000000001,2
NVDA,2012-07-16,0.1654,2
NVDA,2012-07-17,0.5994,1
NVDA,2012-07-18,0.0,1
NVDA,2012-07-30,0.0,1
NVDA,2012-08-06,0.0,1
NVDA,2012-08-07,0.2086,2
NVDA,2012-08-08,0.0,3
NVDA,2012-08-09,0.06694545454545454,11
NVDA,2012-08-13,-0.023849999999999996,2
NVDA,2012-08-14,0.0,1
NVDA,2012-08-20,0.0,1
NVDA,2012-08-27,-0.3818,1
NVDA,2012-09-04,0.0,1
NVDA,2012-09-05,0.0,2
NVDA,2012-09-06,0.0,1
NVDA,2012-09-12,0.18901666666666664,6
NVDA,2012-09-24,0.2023,1
NVDA,2012-09-25,0.4588,1
NVDA,2012-09-27,0.0,1
NVDA,2012-10-01,-0.4215,1
NVDA,2012-10-04,0.2023,1
NVDA,2012-10-09,-0.128,1
NVDA,2012-10-15,-0.4588,1
NVDA,2012-10-18,-0.27475,2
NVDA,2012-10-22,0.0,1
NVDA,2012-11-01,0.0,1
NVDA,2012-11-05,-0.128,3
NVDA,2012-11-06,0.06315,2
NVDA,2012-11-07,0.021333333333333333,6
NVDA,2012-11-08,-0.17618,5
NVDA,2012-11-19,0.0,1
NVDA,2012-11-27,0.4588,1
NVDA,2012-12-04,0.0,2
NVDA,2012-12-10,-0.1779,1
NVDA,2012-12-11,0.28595,2
NVDA,2012-12-13,0.2023,1
NVDA,2012-12-17,0.0,1
NVDA,2012-12-18,0.0,1
NVDA,2012-12-19,0.2023,1
NVDA,2012-12-26,0.0,1
NVDA,2012-12-27,0.0,1
NVDA,2013-01-02,0.0,1
NVDA,2013-01-07,-0.09878,5
NVDA,2013-01-08,0.0,1
NVDA,2013-01-22,0.4019,1
NVDA,2013-01-28,0.0,3
NVDA,2013-01-31,0.0,1
NVDA,2013-02-05,0.0,1
NVDA,2013-02-11,-0.128,1
NVDA,2013-02-12,0.06554285714285714,7
NVDA,2013-02-13,-0.11542857142857144,7
NVDA,2013-02-14,0.0,1
NVDA,2013-02-20,0.0,1
NVDA,2013-02-26,0.0,1
NVDA,2013-03-01,0.4588,1
NVDA,2013-03-04,0.0,1
NVDA,2013-03-05,0.0,2
NVDA,2013-03-06,0.2023,1
NVDA,2013-03-11,-0.47685,2
NVDA,2013-03-12,0.2294,2
NVDA,2013-03-13,0.0,1
NVDA,2013-03-14,0.4019,1
NVDA,2013-03-18,0.023880000000000012,5
NVDA,2013-03-25,0.36710000000000004,2
NVDA,2013-04-01,0.2294,2
NVDA,2013-04-02,0.0,1
NVDA,2013-04-09,0.0,1
NVDA,2013-04-10,0.135575,4
NVDA,2013-04-15,0.1531,1
NVDA,2013-04-24,0.0,1
NVDA,2013-04-25,0.4588,1
NVDA,2013-05-02,0.0,1
NVDA,2013-05-08,0.0,3
NVDA,2013-05-09,-0.07936666666666667,3
NVDA,2013-05-13,0.19872499999999998,4
NVDA,2013-05-21,0.3818,1
NVDA,2013-05-22,0.0,2
NVDA,2013-05-28,0.4588,1
NVDA,2013-06-03,0.3612,1
NVDA,2013-06-13,0.2975,1
NVDA,2013-06-17,0.0,3
NVDA,2013-06-18,0.0,1
NVDA,2013-06-25,0.025733333333333334,3
NVDA,2013-07-05,0.4939,1
NVDA,2013-07-10,0.0,1
NVDA,2013-07-22,0.0,1
NVDA,2013-07-23,0.0,2
NVDA,2013-07-24,0.0,1
NVDA,2013-07-30,0.125,2
NVDA,2013-07-31,-0.1779,1
NVDA,2013-08-05,0.10606666666666666,3
NVDA,2013-08-06,-0.2263,1
NVDA,2013-08-07,0.0593,3
NVDA,2013-08-08,-0.09303333333333332,3
NVDA,2013-08-12,0.1779,1
NVDA,2013-08-19,0.0,1
NVDA,2013-08-20,0.148,2
NVDA,2013-08-21,0.0,1
NVDA,2013-08-26,0.0,1
NVDA,2013-09-09,0.0,2
NVDA,2013-09-11,0.0,1
NVDA,2013-09-16,0.0,3
NVDA,2013-09-26,-0.03394999999999998,2
NVDA,2013-10-08,-0.296,1
NVDA,2013-10-10,-0.010199999999999997,5
NVDA,2013-10-21,0.148,2
NVDA,2013-10-25,0.0,1
NVDA,2013-10-28,0.34,1
NVDA,2013-11-06,0.0,3
NVDA,2013-11-07,0.0,2
NVDA,2013-11-12,0.4588,1
NVDA,2013-11-18,0.0772,6
NVDA,2013-11-25,0.0,1
NVDA,2013-12-02,-0.148,2
NVDA,2013-12-10,0.4019,1
NVDA,2013-12-17,-0.296,1
NVDA,2014-01-08,0.09866666666666667,3
NVDA,2014-01-13,0.11315,2
NVDA,2014-01-21,0.050575,4
NVDA,2014-02-03,0.0,1
NVDA,2014-02-10,0.0,1
NVDA,2014-02-11,0.0,3
NVDA,2014-02-12,0.14984444444444445,9
NVDA,2014-02-13,0.296,1
NVDA,2014-02-20,0.0,1
NVDA,2014-02-24,0.296,1
NVDA,2014-03-18,0.0,3
NVDA,2014-03-20,0.27495,2
NVDA,2014-03-24,0.23614999999999997,4
NVDA,2014-03-31,0.1661,3
NVDA,2014-04-02,0.041999999999999996,4
NVDA,2014-04-09,0.0,1
NVDA,2014-04-10,0.2023,1
NVDA,2014-05-05,0.0,3
NVDA,2014-05-06,0.2263,1
NVDA,2014-05-07,0.0,1
NVDA,2014-05-19,0.0,3
NVDA,2014-05-27,0.296,1
NVDA,2014-06-09,0.296,1
NVDA,2014-06-18,-0.27169999999999994,5
NVDA,2014-06-23,-0.25842,5
NVDA,2014-07-16,-0.2023,1
NVDA,2014-08-04,0.1909,2
NVDA,2014-08-06,0.0,3
NVDA,2014-08-07,0.09290833333333333,12
NVDA,2014-08-08,0.0,1
NVDA,2014-08-25,-0.09866666666666667,3
NVDA,2014-10-01,0.296,1
NVDA,2014-10-09,-0.4019,1
NVDA,2014-10-13,0.7506,1
NVDA,2014-10-20,-0.042666666666666665,3
NVDA,2014-11-03,-0.045533333333333335,6
NVDA,2014-11-05,0.059199999999999996,5
NVDA,2014-11-06,0.06743333333333333,3
NVDA,2014-11-11,0.0,1
NVDA,2014-11-18,-0.7579,1
NVDA,2014-11-20,0.0,1
NVDA,2014-12-08,0.148,2
NVDA,2014-12-18,0.09734999999999999,6
NVDA,2014-12-22,0.0,1
NVDA,2015-01-05,0.2288,2
NVDA,2015-01-08,0.0,1
NVDA,2015-01-22,0.0,1
NVDA,2015-01-28,0.296,1
NVDA,2015-02-09,0.1358,2
NVDA,2015-02-10,0.08457142857142856,7
NVDA,2015-02-11,0.10218333333333335,6
NVDA,2015-02-26,0.4588,1
NVDA,2015-03-04,0.0,1
NVDA,2015-03-09,0.0,2
NVDA,2015-03-11,0.0,1
NVDA,2015-03-16,0.49815,2
NVDA,2015-03-17,0.0,1
NVDA,2015-03-18,0.24695,2
NVDA,2015-03-23,0.09866666666666667,3
NVDA,2015-03-30,0.0,1
NVDA,2015-03-31,0.0,1
NVDA,2015-04-06,0.1027,1
NVDA,2015-04-13,0.5267,1
NVDA,2015-04-16,0.296,1
NVDA,2015-04-30,0.0,1
NVDA,2015-05-04,0.0,1
NVDA,2015-05-05,0.0,1
NVDA,2015-05-06,0.02792857142857143,7
NVDA,2015-05-07,-0.12210999999999998,10
NVDA,2015-05-11,0.0,1
NVDA,2015-05-13,0.4588,1
NVDA,2015-05-26,0.46645000000000003,2
NVDA,2015-05-27,0.0,1
NVDA,2015-06-03,0.0,1
NVDA,2015-06-09,0.06743333333333333,3
NVDA,2015-06-10,0.0,1
NVDA,2015-06-11,0.3404,2
NVDA,2015-06-15,0.4404,1
NVDA,2015-06-16,0.0,1
NVDA,2015-06-19,0.0,1
NVDA,2015-06-29,0.0,1
NVDA,2015-07-01,0.0,2
NVDA,2015-07-06,0.5423,1
NVDA,2015-07-09,0.296,1
NVDA,2015-07-16,-0.2023,1
NVDA,2015-07-20,0.4019,1
NVDA,2015-07-28,-0.4767,1
NVDA,2015-08-03,0.10586,5
NVDA,2015-08-05,0.04933333333333333,6
NVDA,2015-08-06,0.0701,11
NVDA,2015-08-10,0.04943333333333333,3
NVDA,2015-08-12,0.34,1
NVDA,2015-08-20,0.0,1
NVDA,2015-08-24,0.0258,1
NVDA,2015-08-25,0.0,1
NVDA,2015-08-26,0.4588,1
NVDA,2015-08-31,-0.4215,1
NVDA,2015-09-16,-0.023424999999999994,4
NVDA,2015-09-22,0.67545,2
NVDA,2015-09-24,0.0,1
NVDA,2015-09-28,0.3182,1
NVDA,2015-09-29,0.0,1
NVDA,2015-09-30,0.0,1
NVDA,2015-10-05,0.0,1
NVDA,2015-10-08,-0.4215,1
NVDA,2015-10-12,0.0,2
NVDA,2015-10-13,0.148,2
NVDA,2015-10-15,0.061,2
NVDA,2015-10-27,0.5106,1
NVDA,2015-10-29,0.06743333333333333,3
NVDA,2015-11-02,0.18076666666666666,3
NVDA,2015-11-03,0.1531,1
NVDA,2015-11-04,0.04491,10
NVDA,2015-11-05,0.09826363636363636,11
NVDA,2015-11-06,0.0,1
NVDA,2015-11-12,0.296,1
NVDA,2015-11-16,0.06743333333333333,3
NVDA,2015-11-30,0.296,1
NVDA,2015-12-08,0.296,1
NVDA,2015-12-14,0.0,1
NVDA,2015-12-15,0.2023,1
NVDA,2015-12-16,0.2023,1
NVDA,2015-12-21,0.25323333333333337,3
NVDA,2015-12-23,0.22455,2
NVDA,2015-12-28,0.13384000000000001,5
NVDA,2015-12-29,0.0,1
NVDA,2016-01-04,0.46645000000000003,2
NVDA,2016-01-05,0.20095,2
NVDA,2016-01-12,0.296,1
NVDA,2016-01-13,0.24095,4
NVDA,2016-01-14,0.0,1
NVDA,2016-01-19,0.296,2
NVDA,2016-01-20,0.0,3
NVDA,2016-01-21,0.4215,1
NVDA,2016-02-04,0.0,1
NVDA,2016-02-11,0.296,1
NVDA,2016-02-16,0.137825,8
NVDA,2016-02-17,0.009500000000000001,8
NVDA,2016-02-18,0.0,1
NVDA,2016-02-23,0.1027,1
NVDA,2016-02-29,0.0,1
NVDA,2016-03-07,0.296,2
NVDA,2016-03-14,0.296,2
NVDA,2016-03-17,0.10115,2
NVDA,2016-03-21,0.21075,2
NVDA,2016-03-22,0.139075,4
NVDA,2016-03-23,-0.128,1
NVDA,2016-03-28,0.17020000000000002,3
NVDA,2016-04-04,0.19063333333333332,3
NVDA,2016-04-05,-0.25020000000000003,3
NVDA,2016-04-07,0.0,1
NVDA,2016-04-12,-0.0772,1
NVDA,2016-04-26,0.0,1
NVDA,2016-05-02,0.3454,2
NVDA,2016-05-11,0.04933333333333333,6
NVDA,2016-05-12,0.11196000000000002,20
NVDA,2016-05-16,0.19733333333333333,3
NVDA,2016-05-18,0.44094999999999995,2
NVDA,2016-05-19,0.0,1
NVDA,2016-05-25,0.296,1
NVDA,2016-06-01,0.04046,5
NVDA,2016-06-02,0.0,1
NVDA,2016-06-13,0.256425,4
NVDA,2016-06-14,0.296,1
NVDA,2016-06-15,0.0,1
NVDA,2016-06-16,0.296,2
NVDA,2016-06-20,0.24385,4
NVDA,2016-06-27,0.3102,2
NVDA,2016-07-05,0.0,1
NVDA,2016-07-07,0.296,1
NVDA,2016-07-11,0.6369,1
NVDA,2016-07-14,0.20010000000000003,6
NVDA,2016-07-18,0.411075,4
NVDA,2016-07-26,0.2294,2
NVDA,2016-08-03,0.3595,1
NVDA,2016-08-04,0.3071,2
NVDA,2016-08-08,0.12283999999999999,5
NVDA,2016-08-09,0.38053333333333333,3
NVDA,2016-08-10,-0.023069999999999997,10
NVDA,2016-08-11,0.14414615384615387,13
NVDA,2016-08-15,0.296,1
NVDA,2016-08-17,0.0,1
NVDA,2016-08-18,-0.0258,1
NVDA,2016-08-23,0.0,1
NVDA,2016-08-24,0.25,1
NVDA,2016-08-31,0.4767,1
NVDA,2016-09-06,0.0,1
NVDA,2016-09-08,0.0,1
NVDA,2016-09-12,0.0,1
NVDA,2016-09-14,0.296,1
NVDA,2016-09-15,0.09319999999999999,4
NVDA,2016-09-19,0.06743333333333333,3
NVDA,2016-09-21,0.296,1
NVDA,2016-09-27,0.0,1
NVDA,2016-09-28,0.296,1
NVDA,2016-10-03,0.148,2
NVDA,2016-10-04,0.3182,1
NVDA,2016-10-05,-0.023233333333333328,3
NVDA,2016-10-06,0.0,1
NVDA,2016-10-10,0.5106,1
NVDA,2016-10-12,0.0,1
NVDA,2016-10-17,0.6249,1
NVDA,2016-10-19,0.5081,2
NVDA,2016-10-24,0.074,4
NVDA,2016-10-26,0.3645,2
NVDA,2016-11-01,0.06743333333333333,3
NVDA,2016-11-03,0.3359,2
NVDA,2016-11-07,-0.142975,4
NVDA,2016-11-09,0.012728571428571438,7
NVDA,2016-11-10,0.09112173913043478,23
NVDA,2016-11-14,0.03988571428571428,7
NVDA,2016-11-15,0.18127500000000002,4
NVDA,2016-11-16,-0.7096,1
NVDA,2016-11-17,-0.06743333333333333,3
NVDA,2016-11-21,0.0593,3
NVDA,2016-11-28,0.148,2
NVDA,2016-11-29,0.0,1
NVDA,2016-11-30,-0.3291,2
NVDA,2016-12-05,0.09866666666666667,3
NVDA,2016-12-06,0.26025,2
NVDA,2016-12-07,0.296,1
NVDA,2016-12-08,0.0,1
NVDA,2016-12-09,0.0,1
NVDA,2016-12-12,-0.02066,5
NVDA,2016-12-13,0.11603333333333334,9
NVDA,2016-12-14,-0.03443333333333334,3
NVDA,2016-12-19,-0.007166666666666673,6
NVDA,2016-12-21,0.0,1
NVDA,2016-12-27,0.10701153846153846,26
NVDA,2016-12-28,-0.06278888888888887,9
NVDA,2016-12-29,0.22365000000000002,4
NVDA,2017-01-03,0.31720000000000004,5
NVDA,2017-01-04,0.20347999999999997,5
NVDA,2017-01-05,0.0,4
NVDA,2017-01-09,0.1300888888888889,9
NVDA,2017-01-10,0.12457499999999999,4
NVDA,2017-01-12,0.4939,1
NVDA,2017-01-17,0.5563,1
NVDA,2017-01-18,0.148,2
NVDA,2017-01-23,0.2202,2
NVDA,2017-01-26,0.296,2
NVDA,2017-01-30,0.5267,1
NVDA,2017-02-02,0.2023,1
NVDA,2017-02-06,0.157,9
NVDA,2017-02-07,-0.19063333333333332,3
NVDA,2017-02-08,0.013344444444444443,9
NVDA,2017-02-09,0.02777333333333333,15
NVDA,2017-02-13,0.15566,5
NVDA,2017-02-15,0.0,1
NVDA,2017-02-21,0.0,2
NVDA,2017-02-22,0.11674666666666668,15
NVDA,2017-02-23,-0.015885714285714288,7
NVDA,2017-02-27,0.0625,4
NVDA,2017-02-28,0.08893999999999999,5
NVDA,2017-03-01,-0.0593,3
NVDA,2017-03-02,0.0,1
NVDA,2017-03-06,0.41566000000000003,5
NVDA,2017-03-08,0.7003,1
NVDA,2017-03-09,0.296,1
NVDA,2017-03-13,0.09086666666666667,6
NVDA,2017-03-14,0.0,2
NVDA,2017-03-15,0.0,2
NVDA,2017-03-16,-0.28595,2
NVDA,2017-03-20,0.29585,4
NVDA,2017-03-21,-0.128,1
NVDA,2017-03-22,-0.33413333333333334,3
NVDA,2017-03-23,0.0,2
NVDA,2017-03-29,0.296,1
NVDA,2017-03-30,0.0,1
NVDA,2017-04-03,-0.028414285714285708,7
NVDA,2017-04-04,-0.20095,2
NVDA,2017-04-05,0.0,2
NVDA,2017-04-06,0.0,1
NVDA,2017-04-10,0.15194000000000002,5
NVDA,2017-04-11,0.296,1
NVDA,2017-04-17,0.0,1
NVDA,2017-05-01,0.2352,4
NVDA,2017-05-02,0.0,1
NVDA,2017-05-08,0.05946875,16
NVDA,2017-05-09,-0.014585714285714289,14
NVDA,2017-05-10,0.0,5
NVDA,2017-05-11,0.18076666666666666,3
NVDA,2017-05-12,-0.148,2
NVDA,2017-05-15,0.19878,5
NVDA,2017-05-16,0.0,3
NVDA,2017-05-17,0.21544,5
NVDA,2017-05-18,0.09505,4
NVDA,2017-05-22,0.11504,5
NVDA,2017-05-23,0.0,6
NVDA,2017-05-24,0.0,1
NVDA,2017-05-25,0.5574,1
NVDA,2017-05-31,0.3818,1
NVDA,2017-06-01,-0.0129,2
NVDA,2017-06-05,0.4769833333333333,6
NVDA,2017-06-07,0.074,4
NVDA,2017-06-08,0.03729999999999999,13
NVDA,2017-06-12,0.26298571428571427,7
NVDA,2017-06-13,-0.03342222222222222,9
NVDA,2017-06-14,0.4767,1
NVDA,2017-06-15,0.0,3
NVDA,2017-06-19,0.16594285714285714,7
NVDA,2017-06-20,0.5897666666666667,3
NVDA,2017-06-21,0.0,1
NVDA,2017-06-22,0.4404,1
NVDA,2017-06-26,-0.1353,7
NVDA,2017-06-27,0.12765,4
NVDA,2017-07-05,0.2685166666666667,6
NVDA,2017-07-06,0.0,2
NVDA,2017-07-10,0.20402857142857142,7
NVDA,2017-07-11,0.28188571428571424,7
NVDA,2017-07-12,0.07293333333333334,3
NVDA,2017-07-17,0.28611666666666663,6
NVDA,2017-07-18,0.2732,1
NVDA,2017-07-19,0.0,1
NVDA,2017-07-21,0.0,1
NVDA,2017-07-24,0.0,1
NVDA,2017-07-26,0.0,2
NVDA,2017-07-27,0.296,2
NVDA,2017-07-31,0.20473333333333332,3
NVDA,2017-08-02,0.0,1
NVDA,2017-08-07,-0.01792857142857143,7
NVDA,2017-08-08,0.10606666666666666,3
NVDA,2017-08-09,-0.008727272727272724,11
NVDA,2017-08-10,-0.10535555555555555,9
NVDA,2017-08-14,0.0,7
NVDA,2017-08-15,0.2787,2
NVDA,2017-08-16,-0.26335,2
NVDA,2017-08-18,0.0,1
NVDA,2017-08-21,0.10115,2
NVDA,2017-08-23,0.6486,1
NVDA,2017-08-28,0.64205,2
NVDA,2017-08-29,0.0,1
NVDA,2017-08-30,0.19733333333333333,3
NVDA,2017-09-05,0.0,2
NVDA,2017-09-11,0.03484999999999999,2
NVDA,2017-09-12,0.19733333333333333,3
NVDA,2017-09-13,0.3182,1
NVDA,2017-09-14,0.22690000000000002,7
NVDA,2017-09-18,0.2425454545454545,11
NVDA,2017-09-19,0.11839999999999999,5
NVDA,2017-09-20,0.242325,4
NVDA,2017-09-21,0.0,1
NVDA,2017-09-25,-0.0012333333333333456,6
NVDA,2017-09-26,0.0,1
NVDA,2017-09-27,0.08895,2
NVDA,2017-09-28,0.0,1
NVDA,2017-10-02,0.2083,3
NVDA,2017-10-04,0.25034,5
NVDA,2017-10-09,0.13506666666666667,12
NVDA,2017-10-10,-0.17,2
NVDA,2017-10-11,0.22315000000000002,4
NVDA,2017-10-16,0.5106,1
NVDA,2017-10-17,0.148,4
NVDA,2017-10-18,0.296,2
NVDA,2017-10-19,0.296,1
NVDA,2017-10-23,0.1145,6
NVDA,2017-10-24,0.1985333333333333,3
NVDA,2017-10-25,-0.17964,5
NVDA,2017-10-26,0.20095,2
NVDA,2017-10-30,0.0,2
NVDA,2017-11-06,0.020200000000000003,5
NVDA,2017-11-07,0.010125000000000023,4
NVDA,2017-11-08,-0.026650000000000004,14
NVDA,2017-11-09,0.06512380952380951,21
NVDA,2017-11-13,0.0280125,8
NVDA,2017-11-15,0.0,2
NVDA,2017-11-16,0.0,3
NVDA,2017-11-20,0.0,1
NVDA,2017-11-27,0.32445,6
NVDA,2017-11-28,-0.16445,2
NVDA,2017-11-29,0.12466666666666666,3
NVDA,2017-11-30,-0.1779,1
NVDA,2017-12-04,-0.03975454545454545,11
NVDA,2017-12-06,0.0,1
NVDA,2017-12-07,0.15411249999999999,8
NVDA,2017-12-08,0.3243,2
NVDA,2017-12-11,0.017885714285714283,7
NVDA,2017-12-12,0.20095,2
NVDA,2017-12-14,-0.3818,1
NVDA,2017-12-18,0.33525,2
NVDA,2017-12-20,0.0,1
NVDA,2017-12-21,-0.13419999999999999,2
NVDA,2017-12-22,0.2023,1
NVDA,2017-12-26,-0.4648,1
NVDA,2017-12-27,0.4309,3
NVDA,2017-12-29,0.0,1
NVDA,2018-01-02,0.3174,5
NVDA,2018-01-03,0.43335,2
NVDA,2018-01-04,0.0,1
NVDA,2018-01-05,0.0,1
NVDA,2018-01-08,0.06522727272727273,11
NVDA,2018-01-09,0.0,1
NVDA,2018-01-10,-0.4019,1
NVDA,2018-01-11,0.12765,4
NVDA,2018-01-16,0.074,4
NVDA,2018-01-18,0.38634999999999997,2
NVDA,2018-01-19,0.0,1
NVDA,2018-01-22,0.17005714285714285,7
NVDA,2018-01-23,0.0,1
NVDA,2018-01-24,-0.2202,2
NVDA,2018-01-25,0.0,1
NVDA,2018-01-29,0.32985,2
NVDA,2018-01-30,0.0,2
NVDA,2018-01-31,0.17637999999999998,5
NVDA,2018-02-01,0.24796666666666667,3
NVDA,2018-02-05,0.053477777777777784,9
NVDA,2018-02-06,0.148,2
NVDA,2018-02-07,-0.04300769230769231,13
NVDA,2018-02-08,0.04136818181818181,22
NVDA,2018-02-09,0.0,1
NVDA,2018-02-12,0.08333333333333333,3
NVDA,2018-02-13,-0.06275,2
NVDA,2018-02-14,0.0,1
NVDA,2018-02-15,0.0,1
NVDA,2018-02-20,0.13396666666666665,3
NVDA,2018-02-21,0.0,2
NVDA,2018-02-23,-0.4215,1
NVDA,2018-02-26,0.34369999999999995,3
NVDA,2018-03-05,0.0,2
NVDA,2018-03-07,0.08253333333333333,3
NVDA,2018-03-12,-0.1506333333333333,6
NVDA,2018-03-13,0.0,1
NVDA,2018-03-19,0.33525,2
NVDA,2018-03-20,0.17020000000000002,3
NVDA,2018-03-22,0.5106,1
NVDA,2018-03-26,-0.09975833333333334,12
NVDA,2018-03-27,0.16006666666666666,6
NVDA,2018-04-02,-0.08855714285714285,7
NVDA,2018-04-03,0.007374999999999993,4
NVDA,2018-04-04,-0.08877499999999999,4
NVDA,2018-04-05,0.4019,1
NVDA,2018-04-09,0.020585714285714287,7
NVDA,2018-04-10,-0.11315,2
NVDA,2018-04-12,0.25415,2
NVDA,2018-04-16,0.16885,2
NVDA,2018-04-17,-0.2732,1
NVDA,2018-04-18,-0.4386,4
NVDA,2018-04-19,0.0,2
NVDA,2018-04-20,0.0,1
NVDA,2018-04-23,0.6599,3
NVDA,2018-04-24,0.0,1
NVDA,2018-04-25,0.0,1
NVDA,2018-04-26,0.20396666666666666,3
NVDA,2018-04-30,0.0,3
NVDA,2018-05-02,0.011971428571428569,7
NVDA,2018-05-03,0.1444666666666667,3
NVDA,2018-05-07,0.062287499999999996,8
NVDA,2018-05-08,-0.29295,2
NVDA,2018-05-09,0.019399999999999997,14
NVDA,2018-05-10,0.06427142857142858,14
NVDA,2018-05-14,0.24914999999999998,2
NVDA,2018-05-15,0.0,2
NVDA,2018-05-16,0.1661,3
NVDA,2018-05-17,0.0,1
NVDA,2018-05-21,0.1735,3
NVDA,2018-05-29,0.3818,1
NVDA,2018-05-30,0.5267,1
NVDA,2018-06-04,0.0,3
NVDA,2018-06-05,0.1591,2
NVDA,2018-06-06,0.296,1
NVDA,2018-06-11,0.0,1
NVDA,2018-06-12,0.0,1
NVDA,2018-06-13,0.0,2
NVDA,2018-06-18,0.3404,2
NVDA,2018-06-25,0.15352,5
NVDA,2018-06-26,0.4019,1
NVDA,2018-06-27,0.0,1
NVDA,2018-07-02,0.17975,2
NVDA,2018-07-05,0.128,1
NVDA,2018-07-09,0.0,1
NVDA,2018-07-11,0.0772,1
NVDA,2018-07-12,-0.5994,2
NVDA,2018-07-16,0.3818,1
NVDA,2018-07-18,-0.24695,2
NVDA,2018-07-19,0.0,1
NVDA,2018-07-23,0.125,2
NVDA,2018-07-25,0.148,2
NVDA,2018-07-30,-0.05956666666666666,3
NVDA,2018-07-31,0.0,1
NVDA,2018-08-01,0.0129,1
NVDA,2018-08-02,0.0,1
NVDA,2018-08-07,0.0,1
NVDA,2018-08-09,0.0,1
NVDA,2018-08-13,0.215475,4
NVDA,2018-08-14,0.1069,7
NVDA,2018-08-15,0.1235909090909091,11
NVDA,2018-08-16,0.08292142857142858,14
NVDA,2018-08-17,0.0,1
NVDA,2018-08-20,0.2023529411764706,17
NVDA,2018-08-21,0.15796666666666667,3
NVDA,2018-08-22,0.09866666666666667,3
NVDA,2018-08-23,0.0,2
NVDA,2018-08-24,0.0,1
NVDA,2018-08-27,0.0,1
NVDA,2018-08-28,-0.2732,1
NVDA,2018-08-29,0.2997,2
NVDA,2018-08-30,0.0,1
NVDA,2018-09-04,0.148,2
NVDA,2018-09-10,0.24546666666666664,3
NVDA,2018-09-12,0.0,1
NVDA,2018-09-13,0.8316,1
NVDA,2018-09-19,0.0,1
NVDA,2018-09-24,0.04046,5
NVDA,2018-09-26,0.3818,1
NVDA,2018-09-27,0.45599999999999996,4
NVDA,2018-10-01,-0.06743333333333333,3
NVDA,2018-10-02,0.31845,2
NVDA,2018-10-04,0.05013333333333333,3
NVDA,2018-10-08,0.0,1
NVDA,2018-10-09,0.24003333333333332,3
NVDA,2018-10-11,0.7351,1
NVDA,2018-10-15,0.56225,2
NVDA,2018-10-17,0.29846666666666666,3
NVDA,2018-10-29,-0.028374999999999994,8
NVDA,2018-11-01,-0.23835,2
NVDA,2018-11-06,0.8126,1
NVDA,2018-11-07,-0.09363333333333333,3
NVDA,2018-11-08,-0.4215,1
NVDA,2018-11-12,0.32195,6
NVDA,2018-11-13,0.0,2
NVDA,2018-11-14,0.0484875,16
NVDA,2018-11-15,-0.008713793103448279,29
NVDA,2018-11-19,0.01059090909090909,11
NVDA,2018-11-20,-0.02962,5
NVDA,2018-11-26,0.08626,5
NVDA,2018-11-27,0.0,1
NVDA,2018-11-28,0.0,2
NVDA,2018-11-29,0.09866666666666667,3
NVDA,2018-12-03,0.0,2
NVDA,2018-12-10,0.0623,3
NVDA,2018-12-11,0.041999999999999996,4
NVDA,2018-12-12,0.100475,4
NVDA,2018-12-17,0.7096,1
NVDA,2018-12-18,0.4215,1
NVDA,2018-12-19,-0.296,1
NVDA,2018-12-26,-0.07690000000000001,3
NVDA,2018-12-31,0.5028,2
NVDA,2019-01-02,-0.27049999999999996,4
NVDA,2019-01-07,0.0940375,8
NVDA,2019-01-09,0.0,2
NVDA,2019-01-11,0.0,1
NVDA,2019-01-15,0.0516,1
NVDA,2019-01-16,0.6037,1
NVDA,2019-01-17,0.6908,1
NVDA,2019-01-22,0.0,3
NVDA,2019-01-23,0.07324,5
NVDA,2019-01-24,-0.042666666666666665,3
NVDA,2019-01-25,0.0,1
NVDA,2019-01-28,-0.15483076923076922,26
NVDA,2019-01-29,0.41050000000000003,3
NVDA,2019-01-30,0.34225,2
NVDA,2019-02-04,0.0,1
NVDA,2019-02-05,0.5106,1
NVDA,2019-02-06,-0.25880000000000003,2
NVDA,2019-02-07,0.4995,1
NVDA,2019-02-11,-0.0178,7
NVDA,2019-02-13,-0.08428571428571428,7
NVDA,2019-02-14,-0.019472727272727273,11
NVDA,2019-02-19,0.0,1
NVDA,2019-02-21,0.0919,3
NVDA,2019-02-22,0.0,1
NVDA,2019-02-25,0.5423,1
NVDA,2019-03-05,0.0,1
NVDA,2019-03-06,-0.5574,1
NVDA,2019-03-07,0.6369,1
NVDA,2019-03-11,0.046968750000000004,16
NVDA,2019-03-13,-0.16423333333333334,3
NVDA,2019-03-14,0.6705,1
NVDA,2019-03-18,0.13116250000000002,8
NVDA,2019-03-19,0.07273333333333333,3
NVDA,2019-03-20,0.5106,1
NVDA,2019-03-21,-0.1468,3
NVDA,2019-03-25,0.15814,5
NVDA,2019-04-01,0.361,3
NVDA,2019-04-02,0.38618,5
NVDA,2019-04-08,-0.4215,1
NVDA,2019-04-10,0.0,1
NVDA,2019-04-11,0.0,1
NVDA,2019-04-16,0.3182,1
NVDA,2019-04-17,0.296,1
NVDA,2019-04-18,0.0,1
NVDA,2019-04-22,0.6369,1
NVDA,2019-04-23,0.6705,1
NVDA,2019-04-24,-0.01975999999999999,5
NVDA,2019-04-25,0.2509,2
NVDA,2019-04-29,0.42755,2
NVDA,2019-04-30,0.5719,1
NVDA,2019-05-01,0.0,1
NVDA,2019-05-06,-0.26913333333333334,3
NVDA,2019-05-07,-0.0772,1
NVDA,2019-05-08,-0.09866666666666667,3
NVDA,2019-05-09,-0.1866,2
NVDA,2019-05-13,-0.22603333333333334,6
NVDA,2019-05-14,-0.17,2
NVDA,2019-05-15,-0.09457000000000002,10
NVDA,2019-05-16,-0.18395999999999998,10
NVDA,2019-05-20,0.304925,4
NVDA,2019-05-22,-0.3182,1
NVDA,2019-05-28,-0.20095,2
NVDA,2019-05-29,0.3592,2
NVDA,2019-05-30,-0.5267,1
NVDA,2019-06-03,0.5106,1
NVDA,2019-06-04,0.0593,3
NVDA,2019-06-05,-0.0928,2
NVDA,2019-06-07,0.3612,1
NVDA,2019-06-10,0.56585,4
NVDA,2019-06-11,0.0,1
NVDA,2019-06-12,0.30785,2
NVDA,2019-06-13,-0.39335,2
NVDA,2019-06-17,0.21394285714285713,7
NVDA,2019-06-19,0.8271,1
NVDA,2019-06-24,-0.3182,1
NVDA,2019-06-25,0.6705,1
NVDA,2019-06-26,0.1661,3
NVDA,2019-07-01,0.00645,4
NVDA,2019-07-05,-0.2023,1
NVDA,2019-07-08,0.233275,4
NVDA,2019-07-10,0.1329,3
NVDA,2019-07-11,0.364525,4
NVDA,2019-07-12,0.0,1
NVDA,2019-07-15,0.0,1
NVDA,2019-07-22,-0.17,2
NVDA,2019-07-23,0.8074,1
NVDA,2019-07-24,0.4745,1
NVDA,2019-07-25,-0.2787,2
NVDA,2019-07-29,0.17635,2
NVDA,2019-07-30,0.135575,4
NVDA,2019-07-31,-0.1806,2
NVDA,2019-08-01,0.0,1
NVDA,2019-08-05,0.0,1
NVDA,2019-08-07,0.0516,1
NVDA,2019-08-08,0.10115,2
NVDA,2019-08-12,-0.20966666666666667,3
NVDA,2019-08-13,0.04039999999999999,2
NVDA,2019-08-14,-0.07945,6
NVDA,2019-08-15,0.08644117647058824,17
NVDA,2019-08-16,0.0,1
NVDA,2019-08-19,0.05303333333333333,6
NVDA,2019-08-20,0.3352,3
NVDA,2019-08-22,-0.40453333333333336,3
NVDA,2019-08-26,0.44045,2
NVDA,2019-08-28,0.11055,2
NVDA,2019-08-29,0.0,1
NVDA,2019-09-03,-0.21978,5
NVDA,2019-09-04,0.09866666666666667,3
NVDA,2019-09-09,0.0,1
NVDA,2019-09-10,0.743,1
NVDA,2019-09-16,0.0,1
NVDA,2019-09-17,0.0,1
NVDA,2019-09-18,-0.296,1
NVDA,2019-09-23,-0.12040000000000001,3
NVDA,2019-09-24,0.4745,1
NVDA,2019-09-26,-0.743,1
NVDA,2019-09-30,0.7494,1
NVDA,2019-10-01,-0.8126,1
NVDA,2019-10-02,0.6395,2
NVDA,2019-10-07,0.0941,12
NVDA,2019-10-08,0.2467,4
NVDA,2019-10-09,0.836,1
NVDA,2019-10-10,0.7003,1
NVDA,2019-10-14,0.10667499999999999,8
NVDA,2019-10-15,0.10115,2
NVDA,2019-10-16,0.0,1
NVDA,2019-10-21,0.32643999999999995,5
NVDA,2019-10-22,-0.18795,2
NVDA,2019-10-23,0.64775,2
NVDA,2019-10-24,0.296,1
NVDA,2019-10-28,0.17277499999999998,4
NVDA,2019-10-29,0.32615,2
NVDA,2019-10-30,0.0,1
NVDA,2019-11-04,-0.02044,5
NVDA,2019-11-06,-0.08068,5
NVDA,2019-11-11,0.11227777777777777,9
NVDA,2019-11-12,0.296,1
NVDA,2019-11-13,0.11533,10
NVDA,2019-11-14,0.14726129032258065,31
NVDA,2019-11-18,0.08965000000000001,4
NVDA,2019-11-19,0.3404,2
NVDA,2019-11-20,0.3252,1
NVDA,2019-11-25,0.19045,12
NVDA,2019-11-26,0.0,1
NVDA,2019-11-29,0.4588,1
NVDA,2019-12-02,-0.15630000000000002,4
NVDA,2019-12-03,0.2202,2
NVDA,2019-12-05,0.0,1
NVDA,2019-12-09,-0.0129,2
NVDA,2019-12-11,0.148,2
NVDA,2019-12-12,0.0,2
NVDA,2019-12-16,-0.3612,1
NVDA,2019-12-17,0.0,3
NVDA,2019-12-18,0.28595,2
NVDA,2019-12-19,0.22222,5
NVDA,2019-12-23,0.0,2
NVDA,2019-12-26,-0.7906,1
NVDA,2019-12-27,0.6369,1
NVDA,2019-12-30,0.10715,4
NVDA,2020-01-02,0.0,2
NVDA,2020-01-06,0.0,2
NVDA,2020-01-08,0.0,1
NVDA,2020-01-09,0.19651666666666667,6
NVDA,2020-01-13,0.19831000000000001,10
NVDA,2020-01-14,0.057749999999999996,2
NVDA,2020-01-15,0.2553,2
NVDA,2020-01-16,0.05103333333333334,3
NVDA,2020-01-17,0.0,1
NVDA,2020-01-21,-0.6486,1
NVDA,2020-01-22,0.0,3
NVDA,2020-01-23,0.0,2
NVDA,2020-01-27,-0.29395,4
NVDA,2020-01-29,-0.36743333333333333,3
NVDA,2020-01-30,0.32135,2
NVDA,2020-02-03,0.11734,5
NVDA,2020-02-05,0.0,1
NVDA,2020-02-06,0.296,1
NVDA,2020-02-10,0.010355555555555555,9
NVDA,2020-02-11,-0.0071249999999999925,4
NVDA,2020-02-12,-0.044245454545454546,11
NVDA,2020-02-13,0.13200967741935482,31
NVDA,2020-02-18,0.018124999999999995,16
NVDA,2020-02-19,0.018100000000000005,4
NVDA,2020-02-20,-0.7351,1
NVDA,2020-02-24,-0.09429999999999998,7
NVDA,2020-02-25,0.31856666666666666,3
NVDA,2020-02-26,-0.22693333333333332,3
NVDA,2020-02-27,0.7579,1
NVDA,2020-03-02,0.00935999999999999,5
NVDA,2020-03-03,0.9073,1
NVDA,2020-03-04,0.0,1
NVDA,2020-03-05,0.0,2
NVDA,2020-03-09,-0.08739999999999999,3
NVDA,2020-03-10,-0.0801,2
NVDA,2020-03-11,-0.3612,1
NVDA,2020-03-12,-0.128,1
NVDA,2020-03-16,-0.13615,4
NVDA,2020-03-17,-0.2733333333333334,3
NVDA,2020-03-18,-0.17143333333333333,3
NVDA,2020-03-19,0.2063,3
NVDA,2020-03-23,0.22838181818181819,11
NVDA,2020-03-24,0.4088,2
NVDA,2020-03-25,0.6705,1
NVDA,2020-03-26,0.25,1
NVDA,2020-03-30,0.378275,4
NVDA,2020-03-31,-0.21075,2
NVDA,2020-04-02,-0.25365,2
NVDA,2020-04-06,0.4479333333333333,3
NVDA,2020-04-07,0.836,1
NVDA,2020-04-08,0.0,1
NVDA,2020-04-13,0.9552,1
NVDA,2020-04-14,-0.1591,2
NVDA,2020-04-15,0.28426,5
NVDA,2020-04-16,0.0,1
NVDA,2020-04-20,-0.20673333333333332,3
NVDA,2020-04-21,0.5719,1
NVDA,2020-04-22,0.2886,3
NVDA,2020-04-23,0.0,1
NVDA,2020-04-27,0.04974999999999999,6
NVDA,2020-04-28,0.04590000000000005,2
NVDA,2020-04-29,0.0,1
NVDA,2020-04-30,-0.6369,1
NVDA,2020-05-04,0.5574,2
NVDA,2020-05-06,0.33525,2
NVDA,2020-05-07,0.9118,1
NVDA,2020-05-11,-0.0029222222222222223,9
NVDA,2020-05-12,0.1591,2
NVDA,2020-05-13,0.3032333333333333,3
NVDA,2020-05-14,0.25020000000000003,3
NVDA,2020-05-18,0.06033076923076923,13
NVDA,2020-05-19,0.35645000000000004,2
NVDA,2020-05-20,-0.010544444444444448,9
NVDA,2020-05-21,0.02343,20
NVDA,2020-05-22,0.0,1
NVDA,2020-05-26,0.1846833333333333,6
NVDA,2020-05-27,0.0,1
NVDA,2020-06-01,0.4215,1
NVDA,2020-06-02,0.2202,2
NVDA,2020-06-08,0.16866666666666666,3
NVDA,2020-06-09,0.7296,1
NVDA,2020-06-10,0.2432,3
