stock,trading_date,avg_sentiment,news_count,daily_return,sentiment_category
AAPL,2020-03-09,-0.1484090909090909,11,-0.07909216721638546,negative
AAPL,2020-03-10,-0.02385,14,0.07202157201866832,neutral
AAPL,2020-03-11,-0.07836,5,-0.0347302451243664,negative
AAPL,2020-03-12,-0.0597272727272727,11,-0.0987549622666728,negative
AAPL,2020-03-13,0.0,2,0.11980807984854303,neutral
AAPL,2020-03-16,0.0152037037037036,27,-0.12864700218063463,neutral
AAPL,2020-03-17,-0.0774,4,0.043970340432260224,negative
AAPL,2020-03-18,0.1913,2,-0.024480052756669424,positive
AAPL,2020-03-19,0.43445,2,-0.007662052741594927,positive
AAPL,2020-03-20,0.0,1,-0.06348546536053978,neutral
AAPL,2020-03-23,-0.0434933333333333,15,-0.021244298388263694,neutral
AAPL,2020-03-24,0.166925,12,0.10032528491252224,positive
AAPL,2020-03-25,0.4404,1,-0.005508617892869161,positive
AAPL,2020-03-26,0.1608666666666666,12,0.05262289942554221,positive
AAPL,2020-03-27,0.0,1,-0.041402109855004254,neutral
AAPL,2020-03-30,0.05666,10,0.028537832415648,positive
AAPL,2020-03-31,-0.1025,7,-0.00204061104434472,negative
AAPL,2020-04-01,0.2715999999999999,4,-0.05261692424121833,positive
AAPL,2020-04-02,0.05684,5,0.01668658215237695,positive
AAPL,2020-04-03,0.2202,2,-0.014371376639517819,positive
AAPL,2020-04-06,0.1283875,8,0.08723733467281636,positive
AAPL,2020-04-07,0.0244299999999999,10,-0.011582267021325143,neutral
AAPL,2020-04-08,0.05464,5,0.025594370093401153,positive
AAPL,2020-04-13,0.0722461538461538,13,0.01962782191727941,positive
AAPL,2020-04-14,0.2229166666666666,6,0.05050293049021293,positive
AAPL,2020-04-15,0.21845,8,-0.009126995029391738,positive
AAPL,2020-04-16,-0.03269,10,0.007945708943408736,neutral
AAPL,2020-04-17,0.0493,2,-0.013568871140122951,neutral
AAPL,2020-04-20,0.08588,10,-0.020756816184605342,positive
AAPL,2020-04-21,0.1023,4,-0.03090986509826188,positive
AAPL,2020-04-22,-0.0057166666666666,6,0.028803251969064858,neutral
AAPL,2020-04-23,-0.1505833333333333,6,-0.003875518616257012,negative
AAPL,2020-04-24,0.1779,1,0.028869787394719015,positive
AAPL,2020-04-27,0.1179578947368421,19,0.0007064536328629245,positive
AAPL,2020-04-28,0.413375,4,-0.016208889573145147,positive
AAPL,2020-04-29,0.2026805555555555,36,0.03284488327759205,positive
AAPL,2020-04-30,0.0738178571428571,28,0.021096040718127984,positive
AAPL,2020-05-01,-0.3412,1,-0.016099162223816577,negative
AAPL,2020-05-04,0.0521076923076923,13,0.014148700604035946,positive
AAPL,2020-05-05,0.0,5,0.015008965177577993,neutral
AAPL,2020-05-07,0.1165571428571428,7,0.010344724825178009,positive
AAPL,2020-05-08,0.0,1,0.02380199412934214,neutral
AAPL,2020-05-11,-0.07633,10,0.01573544935544069,negative
AAPL,2020-05-12,0.2483,3,-0.011428205613222553,positive
AAPL,2020-05-13,-0.0626333333333333,6,-0.012074340281674978,negative
AAPL,2020-05-14,0.0068142857142857,7,0.006143321465619023,neutral
AAPL,2020-05-15,0.0,1,-0.005911889099965317,neutral
AAPL,2020-05-18,0.1034142857142857,7,0.02356121470387973,positive
AAPL,2020-05-19,0.0925428571428571,7,-0.00577838891137461,positive
AAPL,2020-05-20,0.00072,5,0.019448191621391553,neutral
AAPL,2020-05-21,0.0,1,-0.007455606314973107,neutral
AAPL,2020-05-26,0.2229785714285714,14,-0.006773455025391173,positive
AAPL,2020-05-27,-0.0258999999999999,4,0.004356977764851777,neutral
AAPL,2020-05-28,-0.4023,1,0.0004398009255499602,negative
AAPL,2020-06-01,-0.3184285714285714,14,0.012298054153828897,negative
AAPL,2020-06-09,0.2469,4,0.03157791949566513,positive
AAPL,2020-06-10,0.19885,6,0.025727708839456742,positive
AMZN,2020-04-27,0.0301818181818181,22,-0.01419786171076065,neutral
AMZN,2020-04-28,0.1175933333333333,15,-0.02606061104255919,positive
AMZN,2020-04-29,0.1951333333333333,27,0.02533616474965794,positive
AMZN,2020-04-30,0.0904756097560975,41,0.04268957423996422,positive
AMZN,2020-05-01,0.0123999999999999,2,-0.07597409237648933,neutral
AMZN,2020-05-04,0.04078,15,0.013101236487597978,neutral
AMZN,2020-05-05,0.2010444444444444,9,0.0007815221854263754,positive
AMZN,2020-05-06,0.212425,4,0.014436139090531874,positive
AMZN,2020-05-07,0.0,2,0.0069536948597912485,neutral
AMZN,2020-05-08,0.0,1,0.005068389389295769,neutral
AMZN,2020-05-11,0.0744238095238095,21,0.012350743942999287,positive
AMZN,2020-05-12,0.1320444444444444,9,-0.021606420523622938,positive
AMZN,2020-05-13,0.1071599999999999,5,0.004654320575239179,positive
AMZN,2020-05-14,0.1521166666666666,12,0.008838926123896362,positive
AMZN,2020-05-15,0.21075,2,0.008761547889003518,positive
AMZN,2020-05-18,0.1267461538461538,13,0.006838841203809398,positive
AMZN,2020-05-19,0.1234444444444444,9,0.009508426590011165,positive
AMZN,2020-05-20,0.0938444444444444,9,0.019846275173532213,positive
AMZN,2020-05-21,0.08808,5,-0.02049693045417056,positive
AMZN,2020-05-22,0.0,1,-0.004029821100215214,neutral
AMZN,2020-05-26,0.2227529411764706,17,-0.0061636144559753525,positive
AMZN,2020-05-27,0.079625,4,-0.004736042347035618,positive
AMZN,2020-05-28,0.400675,4,-0.003854151605534595,positive
AMZN,2020-05-29,0.1779,1,0.017187950901155657,positive
AMZN,2020-06-01,-0.1287055555555555,18,0.011738616181262485,negative
AMZN,2020-06-09,0.077775,4,0.030427139202305886,positive
AMZN,2020-06-10,0.3912333333333333,6,0.017913292558120908,positive
GOOG,2018-11-12,0.0,2,-0.02581239736034935,neutral
GOOG,2018-11-13,0.4037,2,-0.0024839871358665055,positive
GOOG,2018-11-14,0.218,4,0.007345067825435425,positive
GOOG,2018-11-15,-0.10175,2,0.020169383042735634,negative
GOOG,2018-11-16,0.2023,1,-0.0030242743505561887,positive
GOOG,2018-11-19,0.2842,3,-0.03908660191769109,positive
GOOG,2018-11-20,0.0,1,0.005647184635283686,neutral
GOOG,2018-11-26,0.25015,8,0.024163055176369408,positive
GOOG,2018-11-27,0.0,1,-0.004014781569247283,neutral
GOOG,2018-11-28,0.0,1,0.0400417821151835,neutral
GOOG,2018-11-29,0.3818,1,0.001905709391622823,positive
GOOG,2018-12-03,0.0,1,0.010964657232860553,neutral
GOOG,2018-12-04,0.0,1,-0.05026072939524773,neutral
GOOG,2018-12-06,0.1806,2,0.01704394849767832,positive
GOOG,2018-12-10,0.29034,5,0.002865280463270503,positive
GOOG,2018-12-11,0.4404,1,0.011735921302187702,positive
GOOG,2018-12-12,0.4404,1,0.011342845058463169,positive
GOOG,2018-12-14,0.3818,1,-0.018645848667546372,positive
GOOG,2018-12-17,0.07655,2,-0.024536907084207082,positive
GOOG,2018-12-19,-0.128,1,-0.00554097622257832,negative
GOOG,2018-12-24,0.128,1,-0.0033894918381488504,positive
GOOG,2018-12-26,0.1168749999999999,4,0.06478044452306175,positive
GOOG,2018-12-27,0.0,1,0.004252351515211528,neutral
GOOG,2019-01-02,-0.1840999999999999,4,0.009887856039402676,negative
GOOG,2019-01-03,0.1774,4,-0.028483964076664314,positive
GOOG,2019-01-07,0.2807666666666666,3,-0.002166713311637647,positive
GOOG,2019-01-09,-0.0554499999999999,4,-0.0015052312674718182,negative
GOOG,2019-01-14,-0.0555666666666666,6,-0.011823766973422689,negative
GOOG,2019-01-15,0.0516,1,0.03107149445955204,positive
GOOG,2019-01-16,0.3481,2,0.0035463101985941936,positive
GOOG,2019-01-22,-0.0605714285714285,7,-0.025258103415945143,negative
GOOG,2019-01-23,0.260925,4,0.004717299633162808,positive
GOOG,2019-01-24,0.4404,1,-0.0015525758947433355,positive
GOOG,2019-01-25,0.0,1,0.01591377433422947,neutral
GOOG,2019-01-28,-0.1015333333333333,3,-0.019165886881514216,negative
GOOG,2019-01-29,0.0,2,-0.008840578003943111,neutral
GOOG,2019-01-30,-0.0754333333333333,3,0.02681463990965338,negative
GOOG,2019-01-31,0.4537,2,0.0250765508296662,positive
GOOG,2019-02-04,0.1712416666666666,24,0.019851493813671572,positive
GOOG,2019-02-05,0.39185,2,0.01164372029167593,positive
GOOG,2019-02-06,-0.1796333333333333,3,-0.026841476307338685,negative
GOOG,2019-02-11,-0.2934333333333333,3,-4.5666216434758766e-05,negative
GOOG,2019-02-12,0.3182,1,0.024072947500954678,positive
GOOG,2019-02-13,0.0381,3,-0.0010791798370242134,neutral
GOOG,2019-02-14,0.3062,2,0.0013480662847031866,positive
GOOG,2019-02-19,0.3749749999999999,4,0.004408929656951388,positive
GOOG,2019-02-20,-0.15674,5,-0.004255593260658941,negative
GOOG,2019-02-21,0.4215,1,-0.015110374966878393,positive
GOOG,2019-02-22,0.0,1,0.012215485753980238,neutral
GOOG,2019-02-25,0.0762333333333333,3,-0.0008735432212263472,positive
GOOG,2019-02-26,0.0,1,0.005164968229428135,neutral
GOOG,2019-02-27,0.0,1,0.000824970086568122,neutral
GOOG,2019-02-28,0.3522999999999999,2,0.003467579644550467,positive
GOOG,2019-03-04,-0.08475,2,0.0059684770052763625,negative
GOOG,2019-03-05,-0.296,1,0.012397646369264104,negative
GOOG,2019-03-06,0.7003,1,-0.0035885122392493862,positive
GOOG,2019-03-07,0.4939,1,-0.012574939524932827,positive
GOOG,2019-03-11,-0.0482999999999999,3,0.02927370940145191,neutral
GOOG,2019-03-14,0.0,3,-0.0065113265875221815,neutral
GOOG,2019-03-18,0.0,4,-0.00016881294086423804,neutral
GOOG,2019-03-19,0.13445,4,0.012319976783815134,positive
GOOG,2019-03-20,0.2266666666666666,3,0.020953476203846577,positive
GOOG,2019-03-25,-0.1097,3,-0.010369114635664478,negative
GOOG,2019-03-26,0.253,2,-0.007024386035062391,positive
GOOG,2019-03-27,0.0,2,-0.009792097625674567,neutral
GOOG,2019-03-28,0.0,1,-0.0038617575787260883,neutral
GOOG,2019-04-01,0.1529333333333333,3,0.018000386662994305,positive
GOOG,2019-04-03,0.0,1,0.0045232582432366275,neutral
GOOG,2019-04-04,0.3182,1,0.007529490301968922,positive
GOOG,2019-04-08,0.3830777777777778,9,-0.0027419349193738007,positive
GOOG,2019-04-09,0.0,4,-0.005474125823792364,neutral
GOOG,2019-04-10,0.0,1,0.004101004642838912,neutral
GOOG,2019-04-15,0.1133333333333333,3,0.0026521394416807453,positive
GOOG,2019-04-16,0.0386,2,0.004938219415216771,neutral
GOOG,2019-04-17,-0.1779,1,0.007505328039868475,negative
GOOG,2019-04-22,0.2968333333333333,6,0.010085985235975592,positive
GOOG,2019-04-23,0.0,2,0.012579639196358183,neutral
GOOG,2019-04-25,0.0,1,0.005931470670674344,neutral
GOOG,2019-04-29,0.0290363636363636,22,0.012105147734030153,neutral
GOOG,2019-04-30,0.2369399999999999,5,-0.07696603157811477,positive
GOOG,2019-05-01,-0.0273,5,-0.01716481270918757,neutral
GOOG,2019-05-02,0.0,1,-0.004682827357633923,neutral
GOOG,2019-05-06,-0.0455333333333333,6,0.0033659344647856138,neutral
GOOG,2019-05-07,-0.085,4,-0.012855395849096118,negative
GOOG,2019-05-08,-0.3597,1,-0.006668949143276315,negative
GOOG,2019-05-09,-0.6369,1,-0.003335389410336176,negative
GOOG,2019-05-13,0.296,1,-0.027691172670069375,positive
GOOG,2019-05-14,0.2025857142857142,7,-0.01023818110938568,positive
GOOG,2019-05-15,0.2202,2,0.03906495097770368,positive
GOOG,2019-05-16,-0.1339666666666666,3,0.012686811097889938,negative
GOOG,2019-05-20,0.06626,5,-0.020175464162766166,positive
GOOG,2019-05-21,0.08558,5,0.009465603565273373,positive
GOOG,2019-05-22,-0.149,3,0.0015570613228788055,negative
GOOG,2019-05-23,-0.2732,1,-0.009249388030781347,negative
GOOG,2019-05-28,-0.1661,4,0.0005999061646999593,negative
GOOG,2019-05-29,-0.3818,1,-0.015597555567942623,negative
GOOG,2019-05-30,-0.26335,2,0.0013345761030034708,negative
GOOG,2019-06-03,0.2879142857142857,14,-0.061071201093659266,positive
GOOG,2019-06-04,0.0,2,0.016231867727817262,neutral
GOOG,2019-06-05,0.119175,4,-0.010284326973101221,positive
GOOG,2019-06-06,0.0854799999999999,5,0.00203401613194365,positive
GOOG,2019-06-10,0.1017,12,0.013451670758324541,positive
GOOG,2019-06-11,0.0,1,-0.0015365625962084906,neutral
GOOG,2019-06-12,-0.086375,4,-0.0015666280872631555,negative
GOOG,2019-06-13,0.0,1,0.01090029961702177,neutral
GOOG,2019-06-17,0.0826888888888888,9,0.006587628990748495,positive
GOOG,2019-06-18,0.1591,2,0.010160178857285151,positive
GOOG,2019-06-19,0.3183666666666666,3,-0.0011507093790610323,positive
GOOG,2019-06-20,0.1669666666666666,3,0.008246193204331176,positive
GOOG,2019-06-24,-0.1342142857142857,7,-0.005669109842392661,negative
GOOG,2019-06-25,0.0731666666666666,6,-0.026149214231736995,positive
GOOG,2019-06-26,0.0,2,-0.006029389428596432,neutral
GOOG,2019-07-01,0.212,2,0.015764447201808585,positive
GOOG,2019-07-08,0.2703,4,-0.013467705136171793,positive
GOOG,2019-07-10,0.2563,5,0.013913112363344915,positive
GOOG,2019-07-11,-0.0080499999999999,2,0.003270649752604937,neutral
GOOG,2019-07-15,0.226175,4,0.004751403256439302,positive
GOOG,2019-07-16,0.18144,5,0.0028166463398020536,positive
GOOG,2019-07-17,-0.20095,2,-0.006267448051717972,negative
GOOG,2019-07-18,0.2860666666666667,3,-1.7489411702431568e-05,positive
GOOG,2019-07-22,0.1293142857142857,7,0.007052380029569427,positive
GOOG,2019-07-23,-0.2113,2,0.007152497609939523,negative
GOOG,2019-07-24,0.1258933333333333,15,-0.0073284896711400815,positive
GOOG,2019-07-25,0.0809066666666666,15,-0.005000830399928713,positive
GOOG,2019-07-26,0.0593,3,0.10448541182503779,positive
GOOG,2019-07-29,0.1274833333333333,12,-0.008797098902935119,positive
GOOG,2019-07-30,0.121275,4,-0.011513636286727413,positive
GOOG,2019-07-31,-0.20095,2,-0.006905318455169396,negative
GOOG,2019-08-01,0.296,2,-0.00630404502137083,positive
GOOG,2019-08-05,-0.083175,4,-0.034899866169121,negative
GOOG,2019-08-06,-0.0833333333333333,3,0.01529974737738038,negative
GOOG,2019-08-07,0.1906333333333333,3,0.003452995506923351,positive
GOOG,2019-08-08,-0.0201,3,0.02624383020891985,neutral
GOOG,2019-08-12,0.15136,5,-0.011195197098085141,positive
GOOG,2019-08-13,0.0,1,0.019204696887868522,neutral
GOOG,2019-08-14,0.3825,2,-0.027545911295744574,positive
GOOG,2019-08-15,0.26335,2,0.002550857990978539,positive
GOOG,2019-08-19,0.0172599999999999,5,0.01770552500207101,neutral
GOOG,2019-08-20,0.631,1,-0.01315035331727743,positive
GOOG,2019-08-21,-0.0774,4,0.0072378645594368685,negative
GOOG,2019-08-22,-0.064,2,-0.0014438513604967396,negative
GOOG,2019-08-26,0.3110166666666666,6,0.015287212969847586,positive
GOOG,2019-08-27,-0.372425,4,-0.0008983525580998908,negative
GOOG,2019-08-29,0.03895,4,0.018641906301635647,neutral
GOOG,2019-09-03,-0.08635,8,-0.016589512259145733,negative
GOOG,2019-09-04,0.0,4,0.011143550529436386,neutral
GOOG,2019-09-05,-0.1689375,8,0.025368002258037148,negative
GOOG,2019-09-09,0.0426714285714285,7,-0.00043159739167275557,neutral
GOOG,2019-09-11,0.0177333333333333,6,0.011749479055366274,neutral
GOOG,2019-09-12,0.0,1,0.011539500299352135,neutral
GOOG,2019-09-16,0.0,2,-0.0066636168959117725,neutral
GOOG,2019-09-18,-0.05135,2,0.0026522360958216584,negative
GOOG,2019-09-19,0.3182,1,0.005111990074081474,positive
GOOG,2019-09-23,0.119075,8,0.0033335692074261125,positive
GOOG,2019-09-24,0.064,2,-0.012374054933468437,positive
GOOG,2019-09-25,0.1779,1,0.02277732271537869,positive
GOOG,2019-09-30,0.0,4,-0.004971106123625724,neutral
GOOG,2019-10-01,-0.1464333333333333,6,-0.011402739704964637,negative
GOOG,2019-10-02,0.0,1,-0.023624613003589312,neutral
GOOG,2019-10-03,0.0,2,0.009518587362536302,neutral
GOOG,2019-10-07,0.0903,4,-0.0010918171595103443,positive
GOOG,2019-10-08,0.0,2,-0.015359965499947004,neutral
GOOG,2019-10-09,-0.765,1,0.011083750047641505,negative
GOOG,2019-10-10,0.05135,2,0.005289676100698637,positive
GOOG,2019-10-14,0.1028,9,0.0013904561531681292,positive
GOOG,2019-10-15,-0.22925,2,0.02125483421570107,negative
GOOG,2019-10-16,0.0,1,0.000506746965049043,neutral
GOOG,2019-10-17,0.5267,1,0.007582653967184161,positive
GOOG,2019-10-21,0.0147571428571428,7,0.0005299763845039163,neutral
GOOG,2019-10-22,0.16945,4,-0.002688361113742821,positive
GOOG,2019-10-23,0.0,1,0.013139759530168549,neutral
GOOG,2019-10-24,0.0,3,0.0014772292318858682,neutral
GOOG,2019-10-28,0.0668636363636363,33,0.019657969939169684,positive
GOOG,2019-10-29,0.064,2,-0.02122463373032346,positive
GOOG,2019-10-30,0.4462,2,-0.0010534813341980254,positive
GOOG,2019-10-31,0.0,4,-0.0009354056109110997,neutral
GOOG,2019-11-04,0.00325,4,0.013840987165785856,neutral
GOOG,2019-11-05,0.03595,4,0.0005112068145045612,neutral
GOOG,2019-11-06,0.0591999999999999,5,-0.0001780045582009393,positive
GOOG,2019-11-07,0.0,1,0.013206317492031827,neutral
GOOG,2019-11-11,0.0062857142857142,7,-0.009287843725137801,neutral
GOOG,2019-11-12,0.2479,6,-0.000300242346066959,positive
GOOG,2019-11-13,0.142975,4,-0.0006159241529682946,positive
GOOG,2019-11-14,0.20682,5,0.010369810656148726,positive
GOOG,2019-11-18,-0.0872166666666666,6,-0.010615342031559227,negative
GOOG,2019-11-19,0.4019,1,-0.003967539854250135,positive
GOOG,2019-11-20,0.0694999999999999,3,-0.009434032778644852,positive
GOOG,2019-11-25,0.0581999999999999,6,0.008762321885428692,positive
GOOG,2019-11-29,0.0,1,-0.006115611095997453,neutral
GOOG,2019-12-02,0.0473692307692307,13,-0.011525114200407582,neutral
GOOG,2019-12-03,0.27115,8,0.004155230888772454,positive
GOOG,2019-12-04,0.5267,1,0.019501362344817696,positive
GOOG,2019-12-05,0.0,2,0.005747679387826388,neutral
GOOG,2019-12-09,0.0004,4,0.002193172698540913,neutral
GOOG,2019-12-10,-0.0351,4,0.0008184959502288702,neutral
GOOG,2019-12-12,-0.5719,1,0.003903339100828296,negative
GOOG,2019-12-16,0.07955,4,0.009897410300551579,positive
GOOG,2019-12-17,0.1177,5,-0.004444841236966313,positive
GOOG,2019-12-18,0.1806,2,-0.001844895665838675,positive
GOOG,2019-12-19,0.0,2,0.0025285429359356293,neutral
GOOG,2019-12-20,0.1779,1,-0.004756562649336549,positive
GOOG,2019-12-23,0.3256333333333334,3,-0.0005557479385985831,positive
GOOG,2019-12-24,0.0,1,-0.003914381350746843,neutral
GOOG,2019-12-26,0.1295599999999999,5,0.012533576572308691,positive
GOOG,2019-12-30,-0.1702,4,-0.011650396288255926,negative
GOOG,2020-01-02,-0.1527,4,0.022699864950563198,negative
GOOG,2020-01-06,0.131675,4,0.02465728429787828,positive
GOOG,2020-01-07,0.0,1,-0.0006240225886700035,neutral
GOOG,2020-01-08,0.08895,2,0.007880406587962518,positive
GOOG,2020-01-09,0.0,2,0.011044439331835187,neutral
GOOG,2020-01-13,-0.0682833333333333,6,0.006644391182432763,negative
GOOG,2020-01-14,0.2553,2,-0.005801647283542821,positive
GOOG,2020-01-15,0.18162,5,0.005814458497012787,positive
GOOG,2020-01-16,0.1251333333333333,6,0.008685680028668319,positive
GOOG,2020-01-21,0.0430833333333333,6,0.0027088163555970546,neutral
GOOG,2020-01-23,0.128,1,0.0004708371492785357,positive
GOOG,2020-01-27,0.03525,12,-0.022369881570968753,neutral
GOOG,2020-01-28,0.0,2,0.013013353424756069,neutral
GOOG,2020-01-29,0.1909,2,0.004179043985516717,positive
GOOG,2020-01-30,0.10115,2,-0.0019129360271303852,positive
GOOG,2020-02-03,0.0768121951219512,41,0.03605426349614005,positive
GOOG,2020-02-04,0.5106,1,-0.0261585216315684,positive
GOOG,2020-02-05,0.1438166666666666,6,0.0008016722686050581,positive
GOOG,2020-02-06,-0.1366,2,0.019333987651130702,negative
GOOG,2020-02-10,0.0297444444444444,9,0.019909035693602917,neutral
GOOG,2020-02-11,0.3729333333333333,3,7.28099678168892e-05,positive
GOOG,2020-02-12,0.13975,2,0.006283195491527671,positive
GOOG,2020-02-13,0.1413333333333333,3,-0.002377636034588404,positive
GOOG,2020-02-18,-0.0450999999999999,7,-0.0007036360658894125,neutral
GOOG,2020-02-19,0.14562,5,0.004619466704031572,positive
GOOG,2020-02-20,0.1814285714285714,7,-0.0055938668323989305,positive
GOOG,2020-02-24,0.1666083333333333,12,-0.042771317719192736,positive
GOOG,2020-02-25,0.0,1,-0.023311804585846918,neutral
GOOG,2020-02-26,0.1172333333333333,3,0.0034065836791148385,positive
GOOG,2020-02-27,0.0287666666666666,3,-0.05389816180277485,neutral
GOOG,2020-03-02,-0.04526,5,0.03716774062189043,neutral
GOOG,2020-03-03,0.0,2,-0.034352692136904284,neutral
GOOG,2020-03-04,0.0210833333333333,6,0.03364411589034022,neutral
GOOG,2020-03-05,0.0687,5,-0.048668589191416034,positive
GOOG,2020-03-09,-0.11165,8,-0.0638088251389558,negative
GOOG,2020-03-10,0.0031999999999999,10,0.053333420962280886,neutral
GOOG,2020-03-11,-0.06745,2,-0.05075015914975667,negative
GOOG,2020-03-12,0.14865,6,-0.08268818037476866,positive
GOOG,2020-03-16,0.0575615384615384,13,-0.11100819821213292,positive
GOOG,2020-03-17,-0.0399,3,0.03271155122534952,neutral
GOOG,2020-03-18,0.5106,1,-0.020539475232178472,positive
GOOG,2020-03-19,-0.37895,2,0.016858068279574923,negative
GOOG,2020-03-23,0.12156,10,-0.014641053389632064,positive
GOOG,2020-03-24,0.0409,4,0.07366879434686524,neutral
GOOG,2020-03-26,0.2164,6,0.05375109564015346,positive
GOOG,2020-03-30,-0.11228,5,0.032510871167911626,negative
GOOG,2020-03-31,0.0,3,0.013942859454685319,neutral
GOOG,2020-04-01,-0.1179,4,-0.049182588011185135,negative
GOOG,2020-04-02,-0.10525,2,0.013766053105911169,negative
GOOG,2020-04-06,0.484525,4,0.08110162319252678,positive
GOOG,2020-04-07,-0.0065714285714285,7,-0.0003454042754148512,neutral
GOOG,2020-04-08,-0.0342333333333333,3,0.020033507439602083,neutral
GOOG,2020-04-13,0.1518125,8,0.005043627165736142,positive
GOOG,2020-04-14,0.33262,5,0.0424372734077858,positive
GOOG,2020-04-15,0.1454666666666666,3,-0.005326036828707692,positive
GOOG,2020-04-16,-0.128,1,0.0007920911120173901,negative
GOOG,2020-04-20,-0.10986,5,-0.012966932493401861,negative
GOOG,2020-04-21,0.19775,6,-0.039688640958746024,positive
GOOG,2020-04-22,0.0219499999999999,4,0.0385335698050322,neutral
GOOG,2020-04-23,-0.2259333333333333,3,0.010370388208027492,negative
GOOG,2020-04-27,0.1081578947368421,19,-0.0026811249988968333,positive
GOOG,2020-04-28,0.21639,20,-0.03308301350229148,positive
GOOG,2020-04-29,0.2202,2,0.08738954039826874,positive
GOOG,2020-04-30,0.1901,2,0.0053524091166405885,positive
GOOG,2020-05-01,-0.1531,1,-0.020798416131220576,negative
GOOG,2020-05-04,0.09329,10,0.004687220434424377,positive
GOOG,2020-05-05,-0.148,2,0.018322258461083152,negative
GOOG,2020-05-06,0.2850333333333333,3,-0.0028199596745766,positive
GOOG,2020-05-07,0.00516,5,0.01874852046580644,neutral
GOOG,2020-05-11,0.1393142857142857,7,0.010724711131373521,positive
GOOG,2020-05-12,0.209575,4,-0.019611340129773724,positive
GOOG,2020-05-13,0.0,2,-0.019196917486778875,neutral
GOOG,2020-05-14,0.27685,6,0.00503935673852296,positive
GOOG,2020-05-15,0.0,2,0.012579970810434604,neutral
GOOG,2020-05-18,0.35085,2,0.007828446353460139,positive
GOOG,2020-05-19,0.1345,5,-0.007554608363276594,positive
GOOG,2020-05-20,0.0,2,0.02419774026908672,neutral
GOOG,2020-05-21,-0.0986666666666666,3,-0.0027865691190913644,negative
GOOG,2020-05-26,0.1658428571428571,7,0.0046793727228919835,positive
GOOG,2020-05-27,-0.163125,8,0.0005786329928356704,negative
GOOG,2020-05-28,0.00516,5,-0.0007827669902912282,neutral
GOOG,2020-06-01,0.118475,4,0.0020295839519548498,positive
GOOG,2020-06-04,0.0,1,-0.01684799582436669,neutral
GOOG,2020-06-05,-0.4110333333333333,3,0.01855991540433166,negative
GOOG,2020-06-08,0.5423,1,0.005714781915462819,positive
GOOG,2020-06-09,0.0,2,0.006601588540098513,neutral
GOOG,2020-06-10,0.2958333333333333,3,0.006654619407762796,positive
META,2020-02-18,0.1909,2,0.01690190558071869,positive
META,2020-02-19,0.3286,2,-0.0014234167528529573,positive
META,2020-02-20,0.0209999999999999,4,-0.01337997521547063,neutral
META,2020-02-24,0.1097,8,-0.045008966789606086,positive
META,2020-02-25,0.0,2,-0.019679067814306284,neutral
META,2020-02-26,-0.1665,3,0.0021851502476102347,negative
META,2020-02-27,0.0440333333333333,6,-0.03777892448419229,neutral
META,2020-03-02,0.1553999999999999,5,0.020626607465331626,positive
META,2020-03-04,0.0341333333333333,9,0.03157778848525172,neutral
META,2020-03-05,-0.07974,5,-0.0343657840136079,negative
META,2020-03-09,-0.185875,12,-0.06400137344004342,negative
META,2020-03-10,0.0258142857142857,7,0.05126866674075892,neutral
META,2020-03-11,-0.28175,2,-0.04461546441281261,negative
META,2020-03-12,0.3109666666666666,3,-0.09263397517299699,positive
META,2020-03-16,0.1732444444444444,9,-0.14253000785494963,positive
META,2020-03-17,-0.02394,5,0.023354722814738826,neutral
META,2020-03-18,0.4847,2,-0.016463578532389556,positive
META,2020-03-19,-0.056575,4,0.04198414109581505,negative
META,2020-03-23,-0.0048428571428571,7,-0.010886039113945478,neutral
META,2020-03-24,-0.0651833333333333,6,0.0869679474739633,negative
META,2020-03-25,0.00535,4,-0.02963078468090463,neutral
META,2020-03-26,0.1944333333333333,3,0.045643607017278987,positive
META,2020-03-30,0.1636125,8,0.05842223071078756,positive
META,2020-03-31,0.0,1,0.005122182642271378,neutral
META,2020-04-01,0.09545,4,-0.04316554112825066,positive
META,2020-04-02,-0.0547,4,-0.008834625034907062,negative
META,2020-04-03,0.4404,1,-0.025349243727035398,positive
META,2020-04-06,0.2506333333333333,6,0.07374508485593934,positive
META,2020-04-07,0.194375,4,0.019812646039900628,positive
META,2020-04-08,0.0,4,0.032281097919621304,neutral
META,2020-04-13,0.1594,5,-0.0022833415184838612,positive
META,2020-04-14,0.2676,3,0.019337535583463294,positive
META,2020-04-15,0.07533,10,-0.0067351095320227206,positive
META,2020-04-16,0.4063,2,-0.004068588747642821,positive
META,2020-04-20,-0.03934,10,-0.005579243050486404,neutral
META,2020-04-21,0.0786375,8,-0.04174143977475131,positive
META,2020-04-22,0.2992,2,0.0672132391236071,positive
META,2020-04-23,0.0108999999999999,5,0.015635182225862243,neutral
META,2020-04-24,0.0,1,0.026684014544950285,neutral
META,2020-04-27,0.03558,5,-0.01352144908590458,neutral
META,2020-04-28,0.1342631578947368,19,-0.02447990458465754,positive
META,2020-04-29,0.1556583333333333,36,0.06166969328284244,positive
META,2020-04-30,0.03558,5,0.05417370111876063,neutral
META,2020-05-01,-0.07655,2,-0.011919218676080034,negative
META,2020-05-04,-0.009325,4,0.014782141200564425,neutral
META,2020-05-05,0.0,2,0.00881813082015026,neutral
META,2020-05-06,0.29475,4,0.006761054062779159,positive
META,2020-05-07,0.0,3,0.013382987017128478,neutral
META,2020-05-11,-0.1646,3,0.003908597482927156,negative
META,2020-05-12,-0.082225,4,-0.014447801696246376,negative
META,2020-05-13,0.044475,4,-0.023798166017184652,neutral
META,2020-05-14,0.2129,7,0.00833717591331129,positive
META,2020-05-15,0.0,1,0.019679955921317216,neutral
META,2020-05-18,0.0675272727272727,11,0.010954198792840764,positive
META,2020-05-19,0.21624,5,0.01730849098053122,positive
META,2020-05-20,0.1117375,16,0.060355945829793534,positive
META,2020-05-21,0.2123,3,0.006174855913019028,positive
META,2020-05-26,-0.0214384615384615,13,-0.011536372398270656,neutral
META,2020-05-27,0.0654590909090909,22,-0.013178330759757384,positive
META,2020-05-28,-0.0914333333333333,3,-0.016059996341686533,negative
META,2020-06-01,-0.18996,10,0.0302989895175787,negative
META,2020-06-08,0.25,1,0.002729810136089972,positive
META,2020-06-09,-0.0732499999999999,4,0.031417556953191816,negative
META,2020-06-10,0.26372,5,-0.008128386841251944,positive
NVDA,2011-03-02,-0.5719,1,-0.04157070896966586,negative
NVDA,2011-03-07,-0.0811666666666666,6,-0.01396889774307919,negative
NVDA,2011-03-08,0.0,3,-0.0449441206726201,neutral
NVDA,2011-03-09,0.2023,2,-0.020971663209230273,positive
NVDA,2011-03-14,-0.0495666666666666,3,0.008310039799852786,neutral
NVDA,2011-03-15,-0.0986666666666666,3,-0.02967017360780222,negative
NVDA,2011-03-21,0.2023,1,0.007945553478489131,positive
NVDA,2011-03-23,0.1348666666666666,3,0.020630064642647383,positive
NVDA,2011-03-28,0.14012,5,0.03703738856300487,positive
NVDA,2011-03-29,-0.1027,1,-0.007764116434626156,negative
NVDA,2011-04-04,-0.10115,2,-0.03571424999574946,negative
NVDA,2011-04-05,0.0,1,0.00170961078777232,neutral
NVDA,2011-04-06,0.0,1,-0.006826106419930311,neutral
NVDA,2011-04-07,0.0,1,0.03665512661540138,neutral
NVDA,2011-04-11,-0.0142499999999999,2,-0.013105188661703182,neutral
NVDA,2011-04-13,0.0,1,0.022452555769486793,neutral
NVDA,2011-04-15,0.0,1,0.010804980456238455,neutral
NVDA,2011-04-18,0.2023,2,-0.03313733496513971,positive
NVDA,2011-04-25,0.5106,1,0.015658928758343293,positive
NVDA,2011-04-26,0.1692,2,0.02604967239015643,positive
NVDA,2011-04-27,0.0674333333333333,3,0.0,positive
NVDA,2011-04-28,0.0,1,0.01088094706228393,neutral
NVDA,2011-05-09,0.02054,5,0.022256465307812334,neutral
NVDA,2011-05-10,0.0,2,0.001519173367456439,neutral
NVDA,2011-05-11,0.0289,7,0.00455001536456745,neutral
NVDA,2011-05-12,-0.0158888888888888,18,0.03170597633404415,neutral
NVDA,2011-05-16,0.19234,5,-0.03066784739144157,positive
NVDA,2011-05-17,0.0,1,-0.003954820146400362,neutral
NVDA,2011-05-23,0.08895,2,-0.0011056704420741026,positive
NVDA,2011-05-25,0.6369,1,0.012127630142651613,positive
NVDA,2011-05-31,-0.1953,3,0.027692228708549704,negative
NVDA,2011-06-01,-0.4019,1,-0.044909968495899455,negative
NVDA,2011-06-08,0.2918666666666666,3,-0.02713155190533134,positive
NVDA,2011-06-14,-0.296,1,0.008235409377036929,negative
NVDA,2011-06-22,0.2023,2,-0.013784896440574346,positive
NVDA,2011-06-27,0.0,2,-0.020965372591078557,neutral
NVDA,2011-06-29,0.0,1,0.015483499402222378,neutral
NVDA,2011-07-05,0.0,1,-0.016718458169640016,neutral
NVDA,2011-07-18,0.10115,4,-0.02127670561136552,positive
NVDA,2011-07-20,-0.1847999999999999,2,-0.012658220903943751,negative
NVDA,2011-07-25,-0.3818,1,-0.01599979128182083,negative
NVDA,2011-07-27,0.1779,1,-0.03749989278238053,positive
NVDA,2011-08-01,0.0,3,0.05350667600747405,neutral
NVDA,2011-08-02,0.2023,2,-0.01029469255709059,positive
NVDA,2011-08-08,0.1404999999999999,3,-0.07876428463572394,positive
NVDA,2011-08-09,0.36005,2,0.08382226265694492,positive
NVDA,2011-08-10,0.1159111111111111,9,-0.045630399525548926,positive
NVDA,2011-08-11,-0.0304333333333333,18,0.08671020604607782,neutral
NVDA,2011-08-15,-0.049375,4,0.03804314251347285,neutral
NVDA,2011-08-22,0.19892,5,0.01790323256412485,positive
NVDA,2011-08-25,0.2023,1,-0.04294497306417344,positive
NVDA,2011-08-30,0.2023,1,0.023952628429462663,positive
NVDA,2011-09-06,0.0337166666666666,6,0.02012371594641582,neutral
NVDA,2011-09-07,0.0,2,0.08118371294793314,neutral
NVDA,2011-09-12,0.4588,1,0.023775318245229382,positive
NVDA,2011-09-13,0.2023,2,0.022519302860852797,positive
NVDA,2011-09-19,-0.3818,2,-0.0206984454405571,negative
NVDA,2011-09-26,0.0,1,0.0021756615728063533,neutral
NVDA,2011-09-27,0.5267,1,0.001447198152689344,positive
NVDA,2011-09-28,0.25,1,-0.030347054849238386,positive
NVDA,2011-10-03,0.2023,1,-0.055955174915978456,positive
NVDA,2011-10-04,0.5994,1,0.09229422415519428,positive
NVDA,2011-10-10,0.0,2,0.044523738073260155,neutral
NVDA,2011-10-12,0.2023,2,-0.0006840484212370379,positive
NVDA,2011-10-19,0.2023,2,-0.020025742728099427,positive
NVDA,2011-10-20,0.0,1,-0.05009914857441944,neutral
NVDA,2011-10-26,0.0,1,0.01176455133521781,neutral
NVDA,2011-10-31,0.0,2,-0.051282023500965224,neutral
NVDA,2011-11-02,0.2023,1,-0.017069934893339744,positive
NVDA,2011-11-07,0.0,1,-0.00539853593137285,neutral
NVDA,2011-11-09,0.0456571428571428,7,-0.05039756032982212,neutral
NVDA,2011-11-10,0.0283076923076923,13,0.010474778862501033,neutral
NVDA,2011-11-14,0.0,2,-0.019358681667225652,neutral
NVDA,2011-11-16,0.0,1,-0.020161573942241606,neutral
NVDA,2011-11-21,0.0,6,0.05025081868645409,neutral
NVDA,2011-11-28,0.0,1,0.05626780072741977,neutral
NVDA,2011-11-30,0.0236,3,0.04828962105249213,neutral
NVDA,2011-12-12,-0.41975,2,-0.02483268367797764,negative
NVDA,2011-12-13,0.0,1,-0.027529279880654234,neutral
NVDA,2011-12-19,0.0,1,-0.025906662950656134,neutral
NVDA,2011-12-21,0.2023,1,-0.012949727229428332,positive
NVDA,2011-12-22,0.0,1,0.043002997368418505,neutral
NVDA,2012-01-04,0.2023,2,0.011396077089165013,positive
NVDA,2012-01-10,0.0,2,-0.004126515229959993,neutral
NVDA,2012-01-17,0.0,1,-0.015295139344277064,neutral
NVDA,2012-01-23,-0.2113,2,0.027426221484716296,negative
NVDA,2012-01-24,0.0373999999999999,5,0.022587181099508635,neutral
NVDA,2012-02-06,0.2023,1,-0.007585520686711589,positive
NVDA,2012-02-07,0.37726,5,0.002547309061132763,positive
NVDA,2012-02-13,0.0337166666666666,6,0.01572336763942772,neutral
NVDA,2012-02-14,0.0214499999999999,4,0.005572712049977335,neutral
NVDA,2012-02-15,-0.163075,4,-0.004310364842281644,negative
NVDA,2012-02-21,0.0,1,0.005047389203236552,neutral
NVDA,2012-03-06,-0.5719,1,-0.00942122121789335,negative
NVDA,2012-03-12,0.0,1,-0.015519650316362266,neutral
NVDA,2012-04-02,0.1858,3,-0.004545475651860809,positive
NVDA,2012-04-04,0.0,2,-0.0285143478744061,neutral
NVDA,2012-04-12,0.0,1,0.02371005424020911,neutral
NVDA,2012-04-16,-0.5719,1,-0.012005313372652204,negative
NVDA,2012-04-23,0.4019,1,-0.011949478268097335,positive
NVDA,2012-05-07,0.0,1,0.01712863513038898,neutral
NVDA,2012-05-08,0.0,3,-0.0008016752917919812,neutral
NVDA,2012-05-10,0.0487636363636363,11,-0.007194083850502575,neutral
NVDA,2012-05-14,-0.0051749999999999,8,-0.006055807838506011,neutral
NVDA,2012-05-21,0.0,1,0.017384078251223345,neutral
NVDA,2012-05-24,0.0772,1,-0.02652713341952262,positive
NVDA,2012-05-29,0.0674333333333333,3,0.025806394790321763,positive
NVDA,2012-05-30,0.0,3,-0.01179195478077788,neutral
NVDA,2012-06-04,0.3182,1,-0.020868242885396904,positive
NVDA,2012-06-06,-0.33515,2,0.026511294482747028,negative
NVDA,2012-06-11,0.1233636363636363,11,0.011550991904071495,positive
NVDA,2012-06-12,0.0,1,0.02039164134228577,neutral
NVDA,2012-06-14,0.0,1,-0.01231560063611481,neutral
NVDA,2012-06-18,-0.0079999999999999,3,0.008950226188816357,neutral
NVDA,2012-06-19,-0.17,2,0.06774204845257459,negative
NVDA,2012-06-20,0.0,1,0.01586110106208083,neutral
NVDA,2012-06-25,0.0,3,-0.03153884366074233,neutral
NVDA,2012-06-26,-0.1404999999999999,3,0.011120506281740994,negative
NVDA,2012-06-27,0.0,1,0.03220695185150424,neutral
NVDA,2012-07-02,0.0,1,-0.02677274247483774,neutral
NVDA,2012-07-09,0.5104500000000001,2,-0.01343282944900781,positive
NVDA,2012-07-16,0.1654,2,0.0031846540357063358,positive
NVDA,2012-07-17,0.5994,1,-0.018254377316222925,positive
NVDA,2012-07-18,0.0,1,0.05578065068509375,neutral
NVDA,2012-07-30,0.0,1,-0.011128087493064043,neutral
NVDA,2012-08-06,0.0,1,0.021137464830908614,neutral
NVDA,2012-08-07,0.2086,2,0.009992255683998641,positive
NVDA,2012-08-08,0.0,3,0.0056540661588679875,neutral
NVDA,2012-08-09,0.0669454545454545,11,0.033731014934599735,positive
NVDA,2012-08-13,-0.0238499999999999,2,0.01299585284528404,neutral
NVDA,2012-08-14,0.0,1,-0.01485485763527794,neutral
NVDA,2012-08-20,0.0,1,0.0,neutral
NVDA,2012-08-27,-0.3818,1,-0.017123126341285322,negative
NVDA,2012-09-04,0.0,1,-0.05345702131697616,neutral
NVDA,2012-09-05,0.0,2,0.0030122864632733393,neutral
NVDA,2012-09-06,0.0,1,0.030780768176590145,neutral
NVDA,2012-09-12,0.1890166666666666,6,0.011161017022935482,positive
NVDA,2012-09-24,0.2023,1,-0.0007313013130704205,positive
NVDA,2012-09-25,0.4588,1,-0.018301623432093295,positive
NVDA,2012-09-27,0.0,1,0.00758716240244528,neutral
NVDA,2012-10-01,-0.4215,1,-0.01649178743857782,negative
NVDA,2012-10-04,0.2023,1,0.044477938705104414,positive
NVDA,2012-10-09,-0.128,1,-0.021260048434468715,negative
NVDA,2012-10-15,-0.4588,1,0.012668013831256042,negative
NVDA,2012-10-18,-0.27475,2,-0.01531404804001213,negative
NVDA,2012-10-22,0.0,1,-0.011560640891465801,neutral
NVDA,2012-11-01,0.0,1,0.04757947656943218,neutral
NVDA,2012-11-05,-0.128,3,0.04243374288363366,negative
NVDA,2012-11-06,0.06315,2,-0.0007685091013306389,positive
NVDA,2012-11-07,0.0213333333333333,6,-0.030745218682378117,neutral
NVDA,2012-11-08,-0.17618,5,0.005551278414846594,negative
NVDA,2012-11-19,0.0,1,0.02811944606551231,neutral
NVDA,2012-11-27,0.4588,1,0.004129238365722321,positive
NVDA,2012-12-04,0.0,2,0.029786725501819822,neutral
NVDA,2012-12-10,-0.1779,1,0.033444747417304965,negative
NVDA,2012-12-11,0.28595,2,0.0234627365789446,positive
NVDA,2012-12-13,0.2023,1,0.0007991334483727908,positive
NVDA,2012-12-17,0.0,1,-0.003971193736548417,neutral
NVDA,2012-12-18,0.0,1,0.0015948932100424695,neutral
NVDA,2012-12-19,0.2023,1,0.007165591092611612,positive
NVDA,2012-12-26,0.0,1,-0.000816219526354578,neutral
NVDA,2012-12-27,0.0,1,-0.0065357235243092004,neutral
NVDA,2013-01-02,0.0,1,0.037520425723282624,neutral
NVDA,2013-01-07,-0.09878,5,-0.028896891516758005,negative
NVDA,2013-01-08,0.0,1,-0.021927047084149387,neutral
NVDA,2013-01-22,0.4019,1,-0.004930041600443635,positive
NVDA,2013-01-28,0.0,3,0.016116312510917163,neutral
NVDA,2013-01-31,0.0,1,-0.004870016333350047,neutral
NVDA,2013-02-05,0.0,1,0.023025839478419297,neutral
NVDA,2013-02-11,-0.128,1,0.011317892893567105,negative
NVDA,2013-02-12,0.0655428571428571,7,-0.006394768282973695,positive
NVDA,2013-02-13,-0.1154285714285714,7,-0.004827333125270283,negative
NVDA,2013-02-14,0.0,1,0.029102929372613717,neutral
NVDA,2013-02-20,0.0,1,-0.014331387889082392,neutral
NVDA,2013-02-26,0.0,1,0.011861013547731947,neutral
NVDA,2013-03-01,0.4588,1,0.003949292548148353,positive
NVDA,2013-03-04,0.0,1,-0.003933756990977644,neutral
NVDA,2013-03-05,0.0,2,0.011058445087633206,neutral
NVDA,2013-03-06,0.2023,1,-0.0007812996838487685,positive
NVDA,2013-03-11,-0.47685,2,-0.009359767880641079,negative
NVDA,2013-03-12,0.2294,2,0.0031489958910799754,positive
NVDA,2013-03-13,0.0,1,0.0,neutral
NVDA,2013-03-14,0.4019,1,0.000784979271972075,positive
NVDA,2013-03-18,0.02388,5,-0.007120299613902925,neutral
NVDA,2013-03-25,0.3671,2,-0.005608303330064679,positive
NVDA,2013-04-01,0.2294,2,-0.03273506354521227,positive
NVDA,2013-04-02,0.0,1,-0.010475773777334108,neutral
NVDA,2013-04-09,0.0,1,0.01608998550270302,neutral
NVDA,2013-04-10,0.135575,4,0.015834790773175733,positive
NVDA,2013-04-15,0.1531,1,-0.02062675647140666,positive
NVDA,2013-04-24,0.0,1,0.034055296205252716,neutral
NVDA,2013-04-25,0.4588,1,0.008233480134721916,positive
NVDA,2013-05-02,0.0,1,0.011721317959503263,neutral
NVDA,2013-05-08,0.0,3,0.018314482886544692,neutral
NVDA,2013-05-09,-0.0793666666666666,3,0.0007196550532881929,negative
NVDA,2013-05-13,0.1987249999999999,4,-0.020632378593563927,positive
NVDA,2013-05-21,0.3818,1,0.010497880152547046,positive
NVDA,2013-05-22,0.0,2,-0.034852667657521264,neutral
NVDA,2013-05-28,0.4588,1,-0.0006876643108724156,positive
NVDA,2013-06-03,0.3612,1,-0.001382334370598981,positive
NVDA,2013-06-13,0.2975,1,0.02277578168607053,positive
NVDA,2013-06-17,0.0,3,0.009756640807771833,neutral
NVDA,2013-06-18,0.0,1,-0.0062112140744613464,neutral
NVDA,2013-06-25,0.0257333333333333,3,0.007082180654096382,neutral
NVDA,2013-07-05,0.4939,1,0.007784788056912184,positive
NVDA,2013-07-10,0.0,1,0.01334303146261262,neutral
NVDA,2013-07-22,0.0,1,-0.0007023309151105162,neutral
NVDA,2013-07-23,0.0,2,-0.0014053797451879513,neutral
NVDA,2013-07-24,0.0,1,0.0,neutral
NVDA,2013-07-30,0.125,2,0.016936951458722982,positive
NVDA,2013-07-31,-0.1779,1,0.002082046976816576,negative
NVDA,2013-08-05,0.1060666666666666,3,0.004742592106959709,positive
NVDA,2013-08-06,-0.2263,1,-0.014834921135078782,negative
NVDA,2013-08-07,0.0593,3,-0.0006845441490316295,positive
NVDA,2013-08-08,-0.0930333333333333,3,0.006849430732176254,negative
NVDA,2013-08-12,0.1779,1,-0.00828150121781357,positive
NVDA,2013-08-19,0.0,1,-0.015799730145130253,neutral
NVDA,2013-08-20,0.148,2,0.005042141460915417,positive
NVDA,2013-08-21,0.0,1,-0.004682548130534592,neutral
NVDA,2013-08-26,0.0,1,0.0020050406819602795,neutral
NVDA,2013-09-09,0.0,2,0.016801208450130556,neutral
NVDA,2013-09-11,0.0,1,0.01682914531151347,neutral
NVDA,2013-09-16,0.0,3,0.000632868165444167,neutral
NVDA,2013-09-26,-0.0339499999999999,2,-0.0031807676873653046,neutral
NVDA,2013-10-08,-0.296,1,-0.008338760483476704,negative
NVDA,2013-10-10,-0.0101999999999999,5,0.011169922740943194,neutral
NVDA,2013-10-21,0.148,2,0.002530273561860863,positive
NVDA,2013-10-25,0.0,1,-0.009746664682326989,neutral
NVDA,2013-10-28,0.34,1,-0.001968702919601828,positive
NVDA,2013-11-06,0.0,3,0.006756811303102017,neutral
NVDA,2013-11-07,0.0,2,-0.023490035939034204,neutral
NVDA,2013-11-12,0.4588,1,0.0019121584975572148,positive
NVDA,2013-11-18,0.0772,6,-0.02411858440246839,positive
NVDA,2013-11-25,0.0,1,0.021739316910899475,neutral
NVDA,2013-12-02,-0.148,2,0.009615450069482279,negative
NVDA,2013-12-10,0.4019,1,0.02301133789863652,positive
NVDA,2013-12-17,-0.296,1,0.004654253307175171,negative
NVDA,2014-01-08,0.0986666666666666,3,0.013630952301692645,positive
NVDA,2014-01-13,0.11315,2,-0.02352158196423948,positive
NVDA,2014-01-21,0.050575,4,0.0037522752022678407,positive
NVDA,2014-02-03,0.0,1,-0.013375549534102138,neutral
NVDA,2014-02-10,0.0,1,0.0031503014083353875,neutral
NVDA,2014-02-11,0.0,3,0.02072913977496449,neutral
NVDA,2014-02-12,0.1498444444444444,9,0.03569195245989776,positive
NVDA,2014-02-13,0.296,1,0.03149155840848783,positive
NVDA,2014-02-20,0.0,1,0.035281478112554554,neutral
NVDA,2014-02-24,0.296,1,0.014485119242001243,positive
NVDA,2014-03-18,0.0,3,0.023569293461468632,neutral
NVDA,2014-03-20,0.27495,2,0.0005388023832073596,positive
NVDA,2014-03-24,0.2361499999999999,4,-0.004854046661244338,positive
NVDA,2014-03-31,0.1661,3,0.0005585282639628542,positive
NVDA,2014-04-02,0.0419999999999999,4,-0.0064340909716640304,neutral
NVDA,2014-04-09,0.0,1,-0.0010605304440568508,neutral
NVDA,2014-04-10,0.2023,1,-0.024415958739890886,positive
NVDA,2014-05-05,0.0,3,0.01085185382962539,neutral
NVDA,2014-05-06,0.2263,1,-0.02039722240067532,positive
NVDA,2014-05-07,0.0,1,0.0010957024246269764,neutral
NVDA,2014-05-19,0.0,3,0.032293702442124816,neutral
NVDA,2014-05-27,0.296,1,0.01784760788069084,positive
NVDA,2014-06-09,0.296,1,0.0010511093097067548,positive
NVDA,2014-06-18,-0.2716999999999999,5,-0.0010199568751042554,negative
NVDA,2014-06-23,-0.25842,5,-0.011622020226860208,negative
NVDA,2014-07-16,-0.2023,1,-0.0010328530038690165,negative
NVDA,2014-08-04,0.1909,2,-0.0022610346357959665,positive
NVDA,2014-08-06,0.0,3,-0.0011325083744615494,neutral
NVDA,2014-08-07,0.0929083333333333,12,-0.010204131634682923,positive
NVDA,2014-08-08,0.0,1,0.08820132283149995,neutral
NVDA,2014-08-25,-0.0986666666666666,3,0.0015724372247498675,negative
NVDA,2014-10-01,0.296,1,-0.009756038534185607,positive
NVDA,2014-10-09,-0.4019,1,-0.019167649844618828,negative
NVDA,2014-10-13,0.7506,1,-0.0035606367843298292,positive
NVDA,2014-10-20,-0.0426666666666666,3,0.00861096904958436,neutral
NVDA,2014-11-03,-0.0455333333333333,6,0.016888147728622682,neutral
NVDA,2014-11-05,0.0591999999999999,5,0.0,positive
NVDA,2014-11-06,0.0674333333333333,3,0.004471005749834278,positive
NVDA,2014-11-11,0.0,1,-0.011988105592366294,neutral
NVDA,2014-11-18,-0.7579,1,0.023858173906359914,negative
NVDA,2014-11-20,0.0,1,0.016491619379403133,neutral
NVDA,2014-12-08,0.148,2,-0.012814488328810936,positive
NVDA,2014-12-18,0.0973499999999999,6,0.003971847293793518,positive
NVDA,2014-12-22,0.0,1,0.017629507914749265,neutral
NVDA,2015-01-05,0.2288,2,-0.016889977180508997,positive
NVDA,2015-01-08,0.0,1,0.03761732398466089,neutral
NVDA,2015-01-22,0.0,1,0.017241470026953865,neutral
NVDA,2015-01-28,0.296,1,-0.016301737630075808,positive
NVDA,2015-02-09,0.1358,2,-0.000980306624959848,positive
NVDA,2015-02-10,0.0845714285714285,7,0.027968469967556864,positive
NVDA,2015-02-11,0.1021833333333333,6,-0.006682646922194224,positive
NVDA,2015-02-26,0.4588,1,0.0027102382070272046,positive
NVDA,2015-03-04,0.0,1,0.011271663306639423,neutral
NVDA,2015-03-09,0.0,2,0.0026605217677557746,neutral
NVDA,2015-03-11,0.0,1,-0.0052174751258968755,neutral
NVDA,2015-03-16,0.49815,2,0.011894876162350743,positive
NVDA,2015-03-17,0.0,1,0.01218971736255603,neutral
NVDA,2015-03-18,0.24695,2,-0.016344149648605866,positive
NVDA,2015-03-23,0.0986666666666666,3,-0.03238179400597907,positive
NVDA,2015-03-30,0.0,1,0.0042096362512258345,neutral
NVDA,2015-03-31,0.0,1,-0.025151821751530856,neutral
NVDA,2015-04-06,0.1027,1,0.02896455930267927,positive
NVDA,2015-04-13,0.5267,1,-0.009226777779239415,positive
NVDA,2015-04-16,0.296,1,-0.006186811033609185,positive
NVDA,2015-04-30,0.0,1,0.0027102382070272046,neutral
NVDA,2015-05-04,0.0,1,-0.006154395002001323,neutral
NVDA,2015-05-05,0.0,1,-0.025652542009320767,neutral
NVDA,2015-05-06,0.0279285714285714,7,0.0031781079300954307,neutral
NVDA,2015-05-07,-0.1221099999999999,10,0.017646859263019676,negative
NVDA,2015-05-11,0.0,1,-0.009601412949374999,neutral
NVDA,2015-05-13,0.4588,1,0.005761132868368879,positive
NVDA,2015-05-26,0.46645,2,-0.006232166442366016,positive
NVDA,2015-05-27,0.0,1,0.05354515366475199,neutral
NVDA,2015-06-03,0.0,1,-0.010938990447551977,neutral
NVDA,2015-06-09,0.0674333333333333,3,0.0050579647402160255,positive
NVDA,2015-06-10,0.0,1,-0.017840765126375557,neutral
NVDA,2015-06-11,0.3404,2,0.010712118344145649,positive
NVDA,2015-06-15,0.4404,1,-0.0018944593510301644,positive
NVDA,2015-06-16,0.0,1,0.012339754792364266,neutral
NVDA,2015-06-19,0.0,1,-0.0031905856561839085,neutral
NVDA,2015-06-29,0.0,1,-0.029894022525572272,neutral
NVDA,2015-07-01,0.0,2,0.014421215326592352,neutral
NVDA,2015-07-06,0.5423,1,-0.012243198477705608,positive
NVDA,2015-07-09,0.296,1,-0.012213749356513093,positive
NVDA,2015-07-16,-0.2023,1,0.02227853146487302,negative
NVDA,2015-07-20,0.4019,1,-0.018435395212662242,positive
NVDA,2015-07-28,-0.4767,1,0.021750519947548508,negative
NVDA,2015-08-03,0.10586,5,0.017042422069535768,positive
NVDA,2015-08-05,0.0493333333333333,6,0.0103094329210347,neutral
NVDA,2015-08-06,0.0701,11,-0.0063166611234788395,positive
NVDA,2015-08-10,0.0494333333333333,3,0.03481280203592352,neutral
NVDA,2015-08-12,0.34,1,0.002535992490605654,positive
NVDA,2015-08-20,0.0,1,-0.03610225503203335,neutral
NVDA,2015-08-24,0.0258,1,-0.03539824525288149,neutral
NVDA,2015-08-25,0.0,1,-0.020762958410841192,neutral
NVDA,2015-08-26,0.4588,1,0.07544314103539773,positive
NVDA,2015-08-31,-0.4215,1,-0.010998620532484793,negative
NVDA,2015-09-16,-0.0234249999999999,4,0.006975011119474406,neutral
NVDA,2015-09-22,0.67545,2,-0.027199516840332616,positive
NVDA,2015-09-24,0.0,1,0.019130735597615578,neutral
NVDA,2015-09-28,0.3182,1,-0.013130196012271611,positive
NVDA,2015-09-29,0.0,1,0.01759637817417925,neutral
NVDA,2015-09-30,0.0,1,0.0396460085446213,neutral
NVDA,2015-10-05,0.0,1,0.024999918408222577,neutral
NVDA,2015-10-08,-0.4215,1,0.005764784319469918,negative
NVDA,2015-10-12,0.0,2,0.010739845575029383,neutral
NVDA,2015-10-13,0.148,2,0.0018978401817324464,positive
NVDA,2015-10-15,0.061,2,0.002558659707671662,positive
NVDA,2015-10-27,0.5106,1,-0.0007029747630594718,positive
NVDA,2015-10-29,0.0674333333333333,3,-0.03453153645639506,positive
NVDA,2015-11-02,0.1807666666666666,3,0.011631949202414615,positive
NVDA,2015-11-03,0.1531,1,-0.006968571436873239,positive
NVDA,2015-11-04,0.04491,10,-0.016490915719064247,neutral
NVDA,2015-11-05,0.0982636363636363,11,-0.011416728574766166,positive
NVDA,2015-11-06,0.0,1,0.13857830364027124,neutral
NVDA,2015-11-12,0.296,1,-0.003605331047255911,positive
NVDA,2015-11-16,0.0674333333333333,3,0.02013393708120992,positive
NVDA,2015-11-30,0.296,1,0.010512778059690975,positive
NVDA,2015-12-08,0.296,1,0.013590759074933345,positive
NVDA,2015-12-14,0.0,1,0.0024619959411698034,neutral
NVDA,2015-12-15,0.2023,1,0.012281397471745725,positive
NVDA,2015-12-16,0.2023,1,0.0060663085206456024,positive
NVDA,2015-12-21,0.2532333333333333,3,0.02364651329124734,positive
NVDA,2015-12-23,0.22455,2,0.003947834419343321,positive
NVDA,2015-12-28,0.13384,5,-0.0009048094493251391,positive
NVDA,2015-12-29,0.0,1,0.016294757682159267,neutral
NVDA,2016-01-04,0.46645,2,-0.017900501338580788,positive
NVDA,2016-01-05,0.20095,2,0.01606422550061426,positive
NVDA,2016-01-12,0.296,1,0.01684634753903591,positive
NVDA,2016-01-13,0.24095,4,-0.03048389848162214,positive
NVDA,2016-01-14,0.0,1,-0.020163817762551273,neutral
NVDA,2016-01-19,0.296,2,0.008115023749222683,positive
NVDA,2016-01-20,0.0,3,0.005488712386803929,neutral
NVDA,2016-01-21,0.4215,1,0.011645015097546896,positive
NVDA,2016-02-04,0.0,1,0.0003548158826158776,neutral
NVDA,2016-02-11,0.296,1,-0.005112446339395005,positive
NVDA,2016-02-16,0.137825,8,0.04897032064656748,positive
NVDA,2016-02-17,0.0095,8,0.024824302756022876,neutral
NVDA,2016-02-18,0.0,1,0.08604468879036498,neutral
NVDA,2016-02-23,0.1027,1,0.0025381495694285494,positive
NVDA,2016-02-29,0.0,1,-0.006494654401025701,neutral
NVDA,2016-03-07,0.296,2,-0.006451522185115133,positive
NVDA,2016-03-14,0.296,2,0.0024832873964835134,positive
NVDA,2016-03-17,0.10115,2,-0.00845914543875459,positive
NVDA,2016-03-21,0.21075,2,0.0029574644149459317,positive
NVDA,2016-03-22,0.139075,4,-0.0017690164239965167,positive
NVDA,2016-03-23,-0.128,1,0.017134129132874154,negative
NVDA,2016-03-28,0.1702,3,0.010150620863320636,positive
NVDA,2016-04-04,0.1906333333333333,3,-0.009681701462340264,positive
NVDA,2016-04-05,-0.2502,3,-0.001396670459488103,negative
NVDA,2016-04-07,0.0,1,-0.010335347799370176,neutral
NVDA,2016-04-12,-0.0772,1,-0.0011150212283540517,negative
NVDA,2016-04-26,0.0,1,0.0008231386656698536,neutral
NVDA,2016-05-02,0.3454,2,0.013228388410962522,positive
NVDA,2016-05-11,0.0493333333333333,6,0.0027809798768412275,neutral
NVDA,2016-05-12,0.11196,20,-0.013588652807868362,positive
NVDA,2016-05-16,0.1973333333333333,3,0.029526258388593796,positive
NVDA,2016-05-18,0.4409499999999999,2,0.02554423539635553,positive
NVDA,2016-05-19,0.0,1,0.004381627774886709,neutral
NVDA,2016-05-25,0.296,1,-0.0041890433486651,positive
NVDA,2016-06-01,0.04046,5,0.0019265879954046827,neutral
NVDA,2016-06-02,0.0,1,0.007049534945246405,neutral
NVDA,2016-06-13,0.256425,4,0.012770675716416102,positive
NVDA,2016-06-14,0.296,1,0.0019230825119476158,positive
NVDA,2016-06-15,0.0,1,0.010239136605387111,neutral
NVDA,2016-06-16,0.296,2,0.004011834002792591,positive
NVDA,2016-06-20,0.24385,4,0.017979616877800586,positive
NVDA,2016-06-27,0.3102,2,-0.010715075381260486,positive
NVDA,2016-07-05,0.0,1,0.014787940707517544,neutral
NVDA,2016-07-07,0.296,1,0.02602324674069867,positive
NVDA,2016-07-11,0.6369,1,0.02300897041934391,positive
NVDA,2016-07-14,0.2001,6,0.010231572179023374,positive
NVDA,2016-07-18,0.411075,4,0.00512364470939608,positive
NVDA,2016-07-26,0.2294,2,0.017061558793525,positive
NVDA,2016-08-03,0.3595,1,0.0026767893814447774,positive
NVDA,2016-08-04,0.3071,2,0.01850859349780065,positive
NVDA,2016-08-08,0.1228399999999999,5,0.009278066028741927,positive
NVDA,2016-08-09,0.3805333333333333,3,0.002553667994719566,positive
NVDA,2016-08-10,-0.0230699999999999,10,-0.006452478542455453,neutral
NVDA,2016-08-11,0.1441461538461538,13,0.02033865948084279,positive
NVDA,2016-08-15,0.296,1,-0.0009517303828099344,positive
NVDA,2016-08-17,0.0,1,-0.023162819333609086,neutral
NVDA,2016-08-18,-0.0258,1,0.015535444827421863,neutral
NVDA,2016-08-23,0.0,1,0.00809236530383517,neutral
NVDA,2016-08-24,0.25,1,-0.015418716566126034,positive
NVDA,2016-08-31,0.4767,1,-0.004705661006307982,positive
NVDA,2016-09-06,0.0,1,0.009435798698516296,neutral
NVDA,2016-09-08,0.0,1,0.007236103552365147,neutral
NVDA,2016-09-12,0.0,1,0.02066540053552801,neutral
NVDA,2016-09-14,0.296,1,0.00885247953714785,positive
NVDA,2016-09-15,0.0931999999999999,4,0.037914076888677206,positive
NVDA,2016-09-19,0.0674333333333333,3,0.013208205053833133,positive
NVDA,2016-09-21,0.296,1,0.028054970623457853,positive
NVDA,2016-09-27,0.0,1,0.03419305253420424,neutral
NVDA,2016-09-28,0.296,1,0.003606818926893185,positive
NVDA,2016-10-03,0.148,2,-0.0010217223896361594,positive
NVDA,2016-10-04,0.3182,1,-0.0021912093420402012,positive
NVDA,2016-10-05,-0.0232333333333333,3,-0.0010250133928837446,neutral
NVDA,2016-10-06,0.0,1,-0.013044142398684788,neutral
NVDA,2016-10-10,0.5106,1,0.0037398344506525127,positive
NVDA,2016-10-12,0.0,1,0.004536163667236304,neutral
NVDA,2016-10-17,0.6249,1,-0.0057585944774734,positive
NVDA,2016-10-19,0.5081,2,-0.002101748344600307,positive
NVDA,2016-10-24,0.074,4,0.04693524793417203,positive
NVDA,2016-10-26,0.3645,2,0.004035270151040438,positive
NVDA,2016-11-01,0.0674333333333333,3,-0.02965164007992338,positive
NVDA,2016-11-03,0.3359,2,-0.011634911856034047,positive
NVDA,2016-11-07,-0.142975,4,0.054757884347196306,negative
NVDA,2016-11-09,0.0127285714285714,7,-0.01686344937201456,neutral
NVDA,2016-11-10,0.0911217391304347,23,-0.03130360696094259,positive
NVDA,2016-11-14,0.0398857142857142,7,-0.04922124443291409,neutral
NVDA,2016-11-15,0.181275,4,0.030487907363683897,positive
NVDA,2016-11-16,-0.7096,1,0.0631163142332094,negative
NVDA,2016-11-17,-0.0674333333333333,3,0.008294013619924101,negative
NVDA,2016-11-21,0.0593,3,-0.0040707838699345356,positive
NVDA,2016-11-28,0.148,2,-0.0005311181136362642,positive
NVDA,2016-11-29,0.0,1,-0.00913821387763436,neutral
NVDA,2016-11-30,-0.3291,2,-0.011259833356293436,negative
NVDA,2016-12-05,0.0986666666666666,3,0.03877884321139624,positive
NVDA,2016-12-06,0.26025,2,0.01643429700182053,positive
NVDA,2016-12-07,0.296,1,0.017989227236725025,positive
NVDA,2016-12-08,0.0,1,-0.01672424771025871,neutral
NVDA,2016-12-09,0.0,1,-0.01775825959300803,neutral
NVDA,2016-12-12,-0.02066,5,-0.024286322920566317,neutral
NVDA,2016-12-13,0.1160333333333333,9,0.01763571371688344,positive
NVDA,2016-12-14,-0.0344333333333333,3,0.05791394238814562,neutral
NVDA,2016-12-19,-0.0071666666666666,6,0.012150283814494678,neutral
NVDA,2016-12-21,0.0,1,0.0062756973232258595,neutral
NVDA,2016-12-27,0.1070115384615384,26,0.06868275406137636,positive
NVDA,2016-12-28,-0.0627888888888888,9,-0.06878636936963256,negative
NVDA,2016-12-29,0.22365,4,0.019954309236899448,positive
NVDA,2017-01-03,0.3172,5,-0.044313366201850446,positive
NVDA,2017-01-04,0.2034799999999999,5,0.02333113927452546,positive
NVDA,2017-01-05,0.0,4,-0.02538586852144331,neutral
NVDA,2017-01-09,0.1300888888888889,9,0.04054311759006435,positive
NVDA,2017-01-10,0.1245749999999999,4,-0.0075499463857072735,positive
NVDA,2017-01-12,0.4939,1,-0.016355977295281154,positive
NVDA,2017-01-17,0.5563,1,-0.02243034618027262,positive
NVDA,2017-01-18,0.148,2,0.018197955303133506,positive
NVDA,2017-01-23,0.2202,2,0.010383514892668089,positive
NVDA,2017-01-26,0.296,2,0.01725591459499687,positive
NVDA,2017-01-30,0.5267,1,-0.015657365811206025,positive
NVDA,2017-02-02,0.2023,1,0.012636798760336854,positive
NVDA,2017-02-06,0.157,9,0.025616062481380375,positive
NVDA,2017-02-07,-0.1906333333333333,3,0.015514659445686751,negative
NVDA,2017-02-08,0.0133444444444444,9,-0.004364770766851711,neutral
NVDA,2017-02-09,0.0277733333333333,15,-0.01880142343688951,neutral
NVDA,2017-02-13,0.15566,5,-0.04611874698279439,positive
NVDA,2017-02-15,0.0,1,0.002022446792188992,neutral
NVDA,2017-02-21,0.0,2,0.03581098746493572,neutral
NVDA,2017-02-22,0.1167466666666666,15,-0.0015326705038193333,positive
NVDA,2017-02-23,-0.0158857142857142,7,-0.09272264579512313,neutral
NVDA,2017-02-27,0.0625,4,0.029075389169065824,positive
NVDA,2017-02-28,0.0889399999999999,5,-0.02806286129823876,positive
NVDA,2017-03-01,-0.0593,3,0.012909555084858804,negative
NVDA,2017-03-02,0.0,1,-0.03687166928012098,neutral
NVDA,2017-03-06,0.41566,5,-0.007721180193482335,positive
NVDA,2017-03-08,0.7003,1,-0.0018228403977701424,positive
NVDA,2017-03-09,0.296,1,-0.00020335457553155578,positive
NVDA,2017-03-13,0.0908666666666666,6,0.027542903372466343,positive
NVDA,2017-03-14,0.0,2,-0.0006874684898409145,neutral
NVDA,2017-03-15,0.0,2,0.007565265854404313,neutral
NVDA,2017-03-16,-0.28595,2,0.01228657473922845,negative
NVDA,2017-03-20,0.29585,4,0.03186540524187498,positive
NVDA,2017-03-21,-0.128,1,-0.03234297292921029,negative
NVDA,2017-03-22,-0.3341333333333333,3,0.020394600329023405,negative
NVDA,2017-03-23,0.0,2,-0.009068290863090134,neutral
NVDA,2017-03-29,0.296,1,-0.0032501293282312105,positive
NVDA,2017-03-30,0.0,1,0.01919164123985273,neutral
NVDA,2017-04-03,-0.0284142857142857,7,-0.005049004231808429,neutral
NVDA,2017-04-04,-0.20095,2,-0.07012359749727315,negative
NVDA,2017-04-05,0.0,2,-0.007442129799516084,neutral
NVDA,2017-04-06,0.0,1,0.007298240730404082,neutral
NVDA,2017-04-10,0.15194,5,-0.025516028826977677,positive
NVDA,2017-04-11,0.296,1,0.0035799955756861124,positive
NVDA,2017-04-17,0.0,1,0.03916636333675383,neutral
NVDA,2017-05-01,0.2352,4,0.022435086029914952,positive
NVDA,2017-05-02,0.0,1,-0.02963229179624083,neutral
NVDA,2017-05-08,0.05946875,16,-0.010494879489668318,positive
NVDA,2017-05-09,-0.0145857142857142,14,0.0016541773127931592,neutral
NVDA,2017-05-10,0.0,5,0.1782590948316507,neutral
NVDA,2017-05-11,0.1807666666666666,3,0.042954756277955974,positive
NVDA,2017-05-12,-0.148,2,0.010988217290758717,negative
NVDA,2017-05-15,0.19878,5,0.05019950329617617,positive
NVDA,2017-05-16,0.0,3,0.018613451850827856,neutral
NVDA,2017-05-17,0.21544,5,-0.06644249536985047,positive
NVDA,2017-05-18,0.09505,4,0.04188889385986405,positive
NVDA,2017-05-22,0.11504,5,0.021323706900867823,positive
NVDA,2017-05-23,0.0,6,-0.013462997200638371,neutral
NVDA,2017-05-24,0.0,1,0.01123861043320451,neutral
NVDA,2017-05-25,0.5574,1,-0.0022373505531727567,positive
NVDA,2017-05-31,0.3818,1,-0.003589424504715666,positive
NVDA,2017-06-01,-0.0129,2,6.91834129220581e-05,neutral
NVDA,2017-06-05,0.4769833333333333,6,0.030423003461610865,positive
NVDA,2017-06-07,0.074,4,0.01208100210306462,positive
NVDA,2017-06-08,0.0372999999999999,13,0.07255893055137164,neutral
NVDA,2017-06-12,0.2629857142857142,7,0.002473311669421552,positive
NVDA,2017-06-13,-0.0334222222222222,9,0.00953504661100335,neutral
NVDA,2017-06-14,0.4767,1,0.002113586992266381,positive
NVDA,2017-06-15,0.0,3,0.004284272059838168,neutral
NVDA,2017-06-19,0.1659428571428571,7,0.0375937756612843,positive
NVDA,2017-06-20,0.5897666666666667,3,-0.0014619365155005282,positive
NVDA,2017-06-21,0.0,1,0.01515064135827604,neutral
NVDA,2017-06-22,0.4404,1,-0.006897890829656639,positive
NVDA,2017-06-26,-0.1353,7,-0.010921234708663907,negative
NVDA,2017-06-27,0.12765,4,-0.036608411632962023,positive
NVDA,2017-07-05,0.2685166666666667,6,0.02669912469249991,positive
NVDA,2017-07-06,0.0,2,0.0030057703715395956,neutral
NVDA,2017-07-10,0.2040285714285714,7,0.047288365838336066,positive
NVDA,2017-07-11,0.2818857142857142,7,0.014183294150515113,positive
NVDA,2017-07-12,0.0729333333333333,3,0.042532597204858025,positive
NVDA,2017-07-17,0.2861166666666666,6,-0.0042436569694611626,positive
NVDA,2017-07-18,0.2732,1,0.010411150292922722,positive
NVDA,2017-07-19,0.0,1,-0.005181792215719017,neutral
NVDA,2017-07-21,0.0,1,0.003582143254593051,neutral
NVDA,2017-07-24,0.0,1,-0.011600123965702869,neutral
NVDA,2017-07-26,0.0,2,0.011551110198862347,neutral
NVDA,2017-07-27,0.296,2,-0.03300261083338207,positive
NVDA,2017-07-31,0.2047333333333333,3,-0.011436900112662851,positive
NVDA,2017-08-02,0.0,1,-0.0006067748104489068,neutral
NVDA,2017-08-07,-0.0179285714285714,7,0.030740037380724505,neutral
NVDA,2017-08-08,0.1060666666666666,3,-0.011894743012244802,positive
NVDA,2017-08-09,-0.0087272727272727,11,0.010628042447289987,neutral
NVDA,2017-08-10,-0.1053555555555555,9,-0.042821104693726686,negative
NVDA,2017-08-14,0.0,7,0.07976383491629857,neutral
NVDA,2017-08-15,0.2787,2,-0.008432500536824317,positive
NVDA,2017-08-16,-0.26335,2,-0.010958858787782466,negative
NVDA,2017-08-18,0.0,1,0.00018590347984615008,neutral
NVDA,2017-08-21,0.10115,2,-0.014551120861986733,positive
NVDA,2017-08-23,0.6486,1,0.01999407301588496,positive
NVDA,2017-08-28,0.64205,2,0.007081354459698153,positive
NVDA,2017-08-29,0.0,1,-0.0016361936422190082,neutral
NVDA,2017-08-30,0.1973333333333333,3,0.005950033173570457,positive
NVDA,2017-09-05,0.0,2,-0.02669243707678337,neutral
NVDA,2017-09-11,0.0348499999999999,2,0.032439296285532215,neutral
NVDA,2017-09-12,0.1973333333333333,3,0.003609806935283011,positive
NVDA,2017-09-13,0.3182,1,0.004480838240703999,positive
NVDA,2017-09-14,0.2269,7,-0.005693561962415994,positive
NVDA,2017-09-18,0.2425454545454545,11,0.041308178580670596,positive
NVDA,2017-09-19,0.1183999999999999,5,-0.0010663861661838192,positive
NVDA,2017-09-20,0.242325,4,-0.008059743466523939,positive
NVDA,2017-09-21,0.0,1,-0.027335523531650807,neutral
NVDA,2017-09-25,-0.0012333333333333,6,-0.04469269044782398,neutral
NVDA,2017-09-26,0.0,1,0.005613785126787674,neutral
NVDA,2017-09-27,0.08895,2,0.02192406526007873,positive
NVDA,2017-09-28,0.0,1,-0.000284665710532539,neutral
NVDA,2017-10-02,0.2083,3,0.0012860931689375743,positive
NVDA,2017-10-04,0.25034,5,0.008362255143735453,positive
NVDA,2017-10-09,0.1350666666666666,12,0.02255977258729014,positive
NVDA,2017-10-10,-0.17,2,0.019094521530355735,negative
NVDA,2017-10-11,0.22315,4,0.010639091177470972,positive
NVDA,2017-10-16,0.5106,1,0.01716434697089375,positive
NVDA,2017-10-17,0.148,4,-0.0009093474403419899,positive
NVDA,2017-10-18,0.296,2,-0.0008601086432477034,positive
NVDA,2017-10-19,0.296,1,0.001114034223170357,positive
NVDA,2017-10-23,0.1145,6,-0.0014221255646011954,positive
NVDA,2017-10-24,0.1985333333333333,3,0.010477506239064738,positive
NVDA,2017-10-25,-0.17964,5,-0.025267014604206772,negative
NVDA,2017-10-26,0.20095,2,0.010482482606180454,positive
NVDA,2017-10-30,0.0,2,0.009808843524211852,neutral
NVDA,2017-11-06,0.0202,5,0.004504017530368998,neutral
NVDA,2017-11-07,0.010125,4,0.011448693594089843,neutral
NVDA,2017-11-08,-0.02665,14,-0.013535775898203206,neutral
NVDA,2017-11-09,0.0651238095238095,21,-0.01835907169355555,positive
NVDA,2017-11-13,0.0280125,8,-0.016239300288921066,neutral
NVDA,2017-11-15,0.0,2,-0.01960929901293007,neutral
NVDA,2017-11-16,0.0,3,0.0077623538659103986,neutral
NVDA,2017-11-20,0.0,1,0.012869289315072141,neutral
NVDA,2017-11-27,0.32445,6,-0.012997939829070493,positive
NVDA,2017-11-28,-0.16445,2,-0.016017445575566502,negative
NVDA,2017-11-29,0.1246666666666666,3,-0.06781850579800397,positive
NVDA,2017-11-30,-0.1779,1,0.021841058216311104,negative
NVDA,2017-12-04,-0.0397545454545454,11,-0.0557463818798819,neutral
NVDA,2017-12-06,0.0,1,0.008096382433108174,neutral
NVDA,2017-12-07,0.1541124999999999,8,0.01442452756645718,positive
NVDA,2017-12-08,0.3243,2,-0.0026043620804639955,positive
NVDA,2017-12-11,0.0178857142857142,7,0.016554484172534023,neutral
NVDA,2017-12-12,0.20095,2,-0.01962385068321204,positive
NVDA,2017-12-14,-0.3818,1,0.0015578671670404276,negative
NVDA,2017-12-18,0.33525,2,0.03309686816294044,positive
NVDA,2017-12-20,0.0,1,0.0035187239285716654,neutral
NVDA,2017-12-21,-0.1341999999999999,2,-0.004623862690789626,negative
NVDA,2017-12-22,0.2023,1,-0.003165188810616004,positive
NVDA,2017-12-26,-0.4648,1,0.011112694664751066,negative
NVDA,2017-12-27,0.4309,3,-0.0013675317868111492,positive
NVDA,2017-12-29,0.0,1,-0.01975692086738623,neutral
NVDA,2018-01-02,0.3174,5,0.030232735922614884,positive
NVDA,2018-01-03,0.43335,2,0.06581353771020249,positive
NVDA,2018-01-04,0.0,1,0.005271342091339282,neutral
NVDA,2018-01-05,0.0,1,0.008474545662716437,neutral
NVDA,2018-01-08,0.0652272727272727,11,0.030640722893853223,positive
NVDA,2018-01-09,0.0,1,-0.00027070036857301805,neutral
NVDA,2018-01-10,-0.4019,1,0.007840009955016436,negative
NVDA,2018-01-11,0.12765,4,0.0017884137997394856,positive
NVDA,2018-01-16,0.074,4,-0.012871037756231885,positive
NVDA,2018-01-18,0.3863499999999999,2,-0.0012461470925594353,positive
NVDA,2018-01-19,0.0,1,0.025262870255757353,neutral
NVDA,2018-01-22,0.1700571428571428,7,0.015557702460291978,positive
NVDA,2018-01-23,0.0,1,0.022337268901397644,neutral
NVDA,2018-01-24,-0.2202,2,-0.013017374123877157,negative
NVDA,2018-01-25,0.0,1,0.0023321626445027555,neutral
NVDA,2018-01-29,0.32985,2,0.01446604447256905,positive
NVDA,2018-01-30,0.0,2,-0.016730664598231804,neutral
NVDA,2018-01-31,0.1763799999999999,5,0.012689319146332645,positive
NVDA,2018-02-01,0.2479666666666666,3,-0.021562381521496143,positive
NVDA,2018-02-05,0.0534777777777777,9,-0.0848748711720263,positive
NVDA,2018-02-06,0.148,2,0.055591710099499814,positive
NVDA,2018-02-07,-0.0430076923076923,13,0.014274350694874371,neutral
NVDA,2018-02-08,0.0413681818181818,22,-0.04930086187305838,neutral
NVDA,2018-02-09,0.0,1,0.06693658823336435,neutral
NVDA,2018-02-12,0.0833333333333333,3,-0.017450898676074855,positive
NVDA,2018-02-13,-0.06275,2,0.020172809511602496,negative
NVDA,2018-02-14,0.0,1,0.037785524570319584,neutral
NVDA,2018-02-15,0.0,1,0.021041995797352664,neutral
NVDA,2018-02-20,0.1339666666666666,3,0.021489641035992157,positive
NVDA,2018-02-21,0.0,2,-0.03039217728283572,neutral
NVDA,2018-02-23,-0.4215,1,0.015610169063866586,negative
NVDA,2018-02-26,0.3436999999999999,3,0.002643030597758056,positive
NVDA,2018-03-05,0.0,2,-0.003762586158708836,neutral
NVDA,2018-03-07,0.0825333333333333,3,-0.0013214747891057144,positive
NVDA,2018-03-12,-0.1506333333333333,6,0.018057319864206667,negative
NVDA,2018-03-13,0.0,1,-0.008208092583684934,neutral
NVDA,2018-03-19,0.33525,2,-0.03784725345594253,positive
NVDA,2018-03-20,0.1702,3,0.035601791422117834,positive
NVDA,2018-03-22,0.5106,1,-0.026995561275138136,positive
NVDA,2018-03-26,-0.0997583333333333,12,0.049405519495346883,negative
NVDA,2018-03-27,0.1600666666666666,6,-0.077552240293287,positive
NVDA,2018-04-02,-0.0885571428571428,7,-0.0455114487908711,negative
NVDA,2018-04-03,0.0073749999999999,4,0.01945243354874493,neutral
NVDA,2018-04-04,-0.0887749999999999,4,0.0039495066644770205,negative
NVDA,2018-04-05,0.4019,1,-0.021481822696286734,positive
NVDA,2018-04-09,0.0205857142857142,7,0.005413936128849883,neutral
NVDA,2018-04-10,-0.11315,2,0.058029067861905315,negative
NVDA,2018-04-12,0.25415,2,0.03695189741163274,positive
NVDA,2018-04-16,0.16885,2,-4.337717897473503e-05,positive
NVDA,2018-04-17,-0.2732,1,0.026135009791095287,negative
NVDA,2018-04-18,-0.4386,4,-0.00492547443890301,negative
NVDA,2018-04-19,0.0,2,-0.03101081640680803,neutral
NVDA,2018-04-20,0.0,1,-0.001440678707778531,neutral
NVDA,2018-04-23,0.6599,3,-0.02111844362897941,positive
NVDA,2018-04-24,0.0,1,-0.011970739626878557,neutral
NVDA,2018-04-25,0.0,1,-0.02052441653510828,neutral
NVDA,2018-04-26,0.2039666666666666,3,0.039509021324392046,positive
NVDA,2018-04-30,0.0,3,-0.006318230769348676,neutral
NVDA,2018-05-02,0.0119714285714285,7,-0.0036540558942759205,neutral
NVDA,2018-05-03,0.1444666666666667,3,0.029516888212739456,positive
NVDA,2018-05-07,0.0622874999999999,8,0.040240964457678,positive
NVDA,2018-05-08,-0.29295,2,0.006916611275905593,negative
NVDA,2018-05-09,0.0193999999999999,14,0.02148548991064314,neutral
NVDA,2018-05-10,0.0642714285714285,14,0.017006940358043066,positive
NVDA,2018-05-14,0.2491499999999999,2,0.0032608426501437027,positive
NVDA,2018-05-15,0.0,2,-0.038376988313929994,neutral
NVDA,2018-05-16,0.1661,3,0.0018322030705473225,positive
NVDA,2018-05-17,0.0,1,0.006910433718385178,neutral
NVDA,2018-05-21,0.1735,3,-0.006912399058503715,positive
NVDA,2018-05-29,0.3818,1,-0.0027678617101490888,positive
NVDA,2018-05-30,0.5267,1,0.017699865902945255,positive
NVDA,2018-06-04,0.0,3,0.028064493191568785,neutral
NVDA,2018-06-05,0.1591,2,0.0008309261324486172,positive
NVDA,2018-06-06,0.296,1,0.00030164645480401653,positive
NVDA,2018-06-11,0.0,1,-0.006329546205650627,neutral
NVDA,2018-06-12,0.0,1,0.007520704739021111,neutral
NVDA,2018-06-13,0.0,2,-0.0006855992108493192,neutral
NVDA,2018-06-18,0.3404,2,-0.0006407666892527253,positive
NVDA,2018-06-25,0.15352,5,-0.04714095279748798,positive
NVDA,2018-06-26,0.4019,1,0.012002553258263937,positive
NVDA,2018-06-27,0.0,1,-0.02591025461315144,neutral
NVDA,2018-07-02,0.17975,2,0.022541262524707895,positive
NVDA,2018-07-05,0.128,1,0.024868534037196133,positive
NVDA,2018-07-09,0.0,1,0.007763063443976481,neutral
NVDA,2018-07-11,0.0772,1,-0.022586715489103737,positive
NVDA,2018-07-12,-0.5994,2,0.014947767208060014,negative
NVDA,2018-07-16,0.3818,1,-0.004492146546700937,positive
NVDA,2018-07-18,-0.24695,2,-0.00784436431325608,negative
NVDA,2018-07-19,0.0,1,0.0013113151768029407,neutral
NVDA,2018-07-23,0.125,2,-0.005899048006435037,positive
NVDA,2018-07-25,0.148,2,0.012705421416097318,positive
NVDA,2018-07-30,-0.0595666666666666,3,-0.03130686487438361,negative
NVDA,2018-07-31,0.0,1,0.0029900489504530725,neutral
NVDA,2018-08-01,0.0129,1,0.006575158968704642,neutral
NVDA,2018-08-02,0.0,1,0.01683761323006916,neutral
NVDA,2018-08-07,0.0,1,0.011494770585707581,neutral
NVDA,2018-08-09,0.0,1,-0.007584505673266628,neutral
NVDA,2018-08-13,0.215475,4,0.005219825766910713,positive
NVDA,2018-08-14,0.1069,7,0.020732451507156302,positive
NVDA,2018-08-15,0.1235909090909091,11,-0.008988910908626413,positive
NVDA,2018-08-16,0.0829214285714285,14,-0.006330181154614589,positive
NVDA,2018-08-17,0.0,1,-0.04902092970114691,neutral
NVDA,2018-08-20,0.2023529411764706,17,0.012335383709970227,positive
NVDA,2018-08-21,0.1579666666666666,3,0.022111365351687118,positive
NVDA,2018-08-22,0.0986666666666666,3,0.03750161582950229,positive
NVDA,2018-08-23,0.0,2,0.015295512150139468,neutral
NVDA,2018-08-24,0.0,1,0.02016223747793444,neutral
NVDA,2018-08-27,0.0,1,0.013518290750841322,neutral
NVDA,2018-08-28,-0.2732,1,-0.005509035263257411,negative
NVDA,2018-08-29,0.2997,2,0.015534518621295179,positive
NVDA,2018-08-30,0.0,1,-0.0024420438011103496,neutral
NVDA,2018-09-04,0.148,2,0.010759762472029255,positive
NVDA,2018-09-10,0.2454666666666666,3,0.010556983022319999,positive
NVDA,2018-09-12,0.0,1,-0.016862297984388652,neutral
NVDA,2018-09-13,0.8316,1,0.011707707492149,positive
NVDA,2018-09-19,0.0,1,0.003542332212485233,neutral
NVDA,2018-09-24,0.04046,5,0.00854067348225196,neutral
NVDA,2018-09-26,0.3818,1,-0.0055512209802814905,positive
NVDA,2018-09-27,0.4559999999999999,4,0.0017982998914802817,positive
NVDA,2018-10-01,-0.0674333333333333,3,0.029677682596427557,negative
NVDA,2018-10-02,0.31845,2,-0.009952713086181397,positive
NVDA,2018-10-04,0.0501333333333333,3,-0.025947639961774627,positive
NVDA,2018-10-08,0.0,1,-0.015156221397315539,neutral
NVDA,2018-10-09,0.2400333333333333,3,-0.0008652645782775137,positive
NVDA,2018-10-11,0.7351,1,-0.042981259056179555,positive
NVDA,2018-10-15,0.56225,2,-0.04526675575405037,positive
NVDA,2018-10-17,0.2984666666666666,3,-0.01126806602600372,positive
NVDA,2018-10-29,-0.0283749999999999,8,-0.06389637549175309,neutral
NVDA,2018-11-01,-0.23835,2,0.034530210292869734,negative
NVDA,2018-11-06,0.8126,1,-0.003352703499011511,positive
NVDA,2018-11-07,-0.0936333333333333,3,0.012934729446645088,negative
NVDA,2018-11-08,-0.4215,1,-0.036484273215930396,negative
NVDA,2018-11-12,0.32195,6,-0.07842652712823905,positive
NVDA,2018-11-13,0.0,2,0.05154562944993257,neutral
NVDA,2018-11-14,0.0484875,16,-0.010636577718620699,neutral
NVDA,2018-11-15,-0.0087137931034482,29,0.026370285063343823,neutral
NVDA,2018-11-19,0.010590909090909,11,-0.1199903103509361,neutral
NVDA,2018-11-20,-0.02962,5,0.03026944236782625,neutral
NVDA,2018-11-26,0.08626,5,0.055517269787559,positive
NVDA,2018-11-27,0.0,1,0.004443169804105862,neutral
NVDA,2018-11-28,0.0,2,0.041240956169591,neutral
NVDA,2018-11-29,0.0986666666666666,3,-0.01594641040093514,positive
NVDA,2018-12-03,0.0,2,0.040445555291298785,neutral
NVDA,2018-12-10,0.0623,3,0.0287920449810517,positive
NVDA,2018-12-11,0.0419999999999999,4,-0.024167067659088826,neutral
NVDA,2018-12-12,0.100475,4,0.004791303235648137,positive
NVDA,2018-12-17,0.7096,1,-0.019597384835372877,positive
NVDA,2018-12-18,0.4215,1,0.023401879429159056,positive
NVDA,2018-12-19,-0.296,1,-0.05737054509632156,negative
NVDA,2018-12-26,-0.0769,3,0.04737191464477353,negative
NVDA,2018-12-31,0.5028,2,-0.0011224317628042435,positive
NVDA,2019-01-02,-0.2704999999999999,4,0.020374427483802693,negative
NVDA,2019-01-07,0.0940375,8,0.052940678470536184,positive
NVDA,2019-01-09,0.0,2,0.0196668633052699,neutral
NVDA,2019-01-11,0.0,1,0.02478829982289832,neutral
NVDA,2019-01-15,0.0516,1,-0.0037888313020848496,positive
NVDA,2019-01-16,0.6037,1,-0.006872705825707759,positive
NVDA,2019-01-17,0.6908,1,0.01934957296852513,positive
NVDA,2019-01-22,0.0,3,-0.05199757023906848,neutral
NVDA,2019-01-23,0.07324,5,0.003495308594542168,positive
NVDA,2019-01-24,-0.0426666666666666,3,0.05727109610087355,neutral
NVDA,2019-01-25,0.0,1,0.014635003733108443,neutral
NVDA,2019-01-28,-0.1548307692307692,26,-0.13824539740928277,negative
NVDA,2019-01-29,0.4105,3,-0.04644576465114847,positive
NVDA,2019-01-30,0.34225,2,0.043997049954574985,positive
NVDA,2019-02-04,0.0,1,0.03074705533569011,neutral
NVDA,2019-02-05,0.5106,1,0.005161481957438818,positive
NVDA,2019-02-06,-0.2588,2,0.02034001977497457,negative
NVDA,2019-02-07,0.4995,1,-0.03647061581584188,positive
NVDA,2019-02-11,-0.0178,7,-0.011608190990543776,neutral
NVDA,2019-02-13,-0.0842857142857142,7,0.011311603238560508,negative
NVDA,2019-02-14,-0.0194727272727272,11,0.010792834885087199,neutral
NVDA,2019-02-19,0.0,1,-0.004449105668398845,neutral
NVDA,2019-02-21,0.0919,3,-0.01753408632373643,positive
NVDA,2019-02-22,0.0,1,0.021955687357847253,neutral
NVDA,2019-02-25,0.5423,1,-0.0031412332945479626,positive
NVDA,2019-03-05,0.0,1,-0.001658404463685037,neutral
NVDA,2019-03-06,-0.5574,1,-0.0285586100909323,negative
NVDA,2019-03-07,0.6369,1,-0.018349049874647028,positive
NVDA,2019-03-11,0.04696875,16,0.06970282204747091,neutral
NVDA,2019-03-13,-0.1642333333333333,3,0.03753355294905392,negative
NVDA,2019-03-14,0.6705,1,-0.018147636049160698,positive
NVDA,2019-03-18,0.1311625,8,-0.005064461514301399,positive
NVDA,2019-03-19,0.0727333333333333,3,0.040011872149234184,positive
NVDA,2019-03-20,0.5106,1,-0.007455216978939028,positive
NVDA,2019-03-21,-0.1468,3,0.0547019177381971,negative
NVDA,2019-03-25,0.15814,5,-0.020957469066842815,positive
NVDA,2019-04-01,0.361,3,0.015148193337144678,positive
NVDA,2019-04-02,0.38618,5,0.0039496150042366285,positive
NVDA,2019-04-08,-0.4215,1,0.00439933714131624,negative
NVDA,2019-04-10,0.0,1,0.015005875660148993,neutral
NVDA,2019-04-11,0.0,1,-0.0029157000340446215,neutral
NVDA,2019-04-16,0.3182,1,0.01900365986703645,positive
NVDA,2019-04-17,0.296,1,-0.004888040256610715,positive
NVDA,2019-04-18,0.0,1,-0.005285860436173961,neutral
NVDA,2019-04-22,0.6369,1,0.011647725426980893,positive
NVDA,2019-04-23,0.6705,1,0.011673052190854571,positive
NVDA,2019-04-24,-0.0197599999999999,5,0.002622479178920001,neutral
NVDA,2019-04-25,0.2509,2,-0.022284123682454138,positive
NVDA,2019-04-29,0.42755,2,0.006962786564554513,positive
NVDA,2019-04-30,0.5719,1,0.009312444168939171,positive
NVDA,2019-05-01,0.0,1,-0.0029282814648814437,neutral
NVDA,2019-05-06,-0.2691333333333333,3,-0.01726670334715208,negative
NVDA,2019-05-07,-0.0772,1,-0.03747580260157357,negative
NVDA,2019-05-08,-0.0986666666666666,3,0.0046791336277769435,negative
NVDA,2019-05-09,-0.1866,2,-0.021446526464049542,negative
NVDA,2019-05-13,-0.2260333333333333,6,-0.06142633076148141,negative
NVDA,2019-05-14,-0.17,2,0.022657029670339668,negative
NVDA,2019-05-15,-0.09457,10,-0.015181410267354867,negative
NVDA,2019-05-16,-0.1839599999999999,10,0.003822481638706021,negative
NVDA,2019-05-20,0.304925,4,-0.03053732784665053,positive
NVDA,2019-05-22,-0.3182,1,-0.01844449015144889,negative
NVDA,2019-05-28,-0.20095,2,-0.012538776865179346,negative
NVDA,2019-05-29,0.3592,2,-0.020860851607880426,positive
NVDA,2019-05-30,-0.5267,1,-0.007633100273691795,negative
NVDA,2019-06-03,0.5106,1,-0.012402221427448734,positive
NVDA,2019-06-04,0.0593,3,0.06891924226288304,positive
NVDA,2019-06-05,-0.0928,2,-0.012027825758339272,negative
NVDA,2019-06-07,0.3612,1,0.011962709006050787,positive
NVDA,2019-06-10,0.56585,4,0.02013747687879275,positive
NVDA,2019-06-11,0.0,1,0.015630175699356874,neutral
NVDA,2019-06-12,0.30785,2,-0.030182348266207804,positive
NVDA,2019-06-13,-0.39335,2,0.014090290958827856,negative
NVDA,2019-06-17,0.2139428571428571,7,0.0026961092597930225,positive
NVDA,2019-06-19,0.8271,1,0.0015696656911461382,positive
NVDA,2019-06-24,-0.3182,1,0.005930462925881397,negative
NVDA,2019-06-25,0.6705,1,-0.00772959394364281,positive
NVDA,2019-06-26,0.1661,3,0.0513599791623196,positive
NVDA,2019-07-01,0.00645,4,0.011812647139554988,neutral
NVDA,2019-07-05,-0.2023,1,-0.015483711515644871,negative
NVDA,2019-07-08,0.233275,4,-0.01884789244469809,positive
NVDA,2019-07-10,0.1329,3,0.017481547936084363,positive
NVDA,2019-07-11,0.364525,4,0.03886026778656948,positive
NVDA,2019-07-12,0.0,1,0.007998408235626364,neutral
NVDA,2019-07-15,0.0,1,-0.002028303042557633,neutral
NVDA,2019-07-22,-0.17,2,0.01709837475718201,negative
NVDA,2019-07-23,0.8074,1,0.025332620159119967,positive
NVDA,2019-07-24,0.4745,1,0.01707861854234105,positive
NVDA,2019-07-25,-0.2787,2,-0.029553684962203897,negative
NVDA,2019-07-29,0.17635,2,-0.001427986697701611,positive
NVDA,2019-07-30,0.135575,4,0.0036034485351563728,positive
NVDA,2019-07-31,-0.1806,2,-0.038358498224706716,negative
NVDA,2019-08-01,0.0,1,-0.02252272387853016,neutral
NVDA,2019-08-05,0.0,1,-0.06452021920223272,neutral
NVDA,2019-08-07,0.0516,1,0.0101081054798704,positive
NVDA,2019-08-08,0.10115,2,0.028397150832335294,positive
NVDA,2019-08-12,-0.2096666666666666,3,-0.017706617921029344,negative
NVDA,2019-08-13,0.0403999999999999,2,0.030372993336146514,neutral
NVDA,2019-08-14,-0.07945,6,-0.03832102414693639,negative
NVDA,2019-08-15,0.0864411764705882,17,-0.00866268452874197,positive
NVDA,2019-08-16,0.0,1,0.0725281932040136,neutral
NVDA,2019-08-19,0.0530333333333333,6,0.07031835014547005,positive
NVDA,2019-08-20,0.3352,3,-0.017039388422655066,positive
NVDA,2019-08-22,-0.4045333333333333,3,0.0014603474752798995,negative
NVDA,2019-08-26,0.44045,2,0.018529739673962986,positive
NVDA,2019-08-28,0.11055,2,-0.0025984586685188216,positive
NVDA,2019-08-29,0.0,1,0.03585185541054581,neutral
NVDA,2019-09-03,-0.21978,5,-0.01993915076831798,negative
NVDA,2019-09-04,0.0986666666666666,3,0.027958624416947186,positive
NVDA,2019-09-09,0.0,1,0.010355860639090775,neutral
NVDA,2019-09-10,0.743,1,0.014847324372709414,positive
NVDA,2019-09-16,0.0,1,-0.009508745046497014,neutral
NVDA,2019-09-17,0.0,1,0.004772354366807008,neutral
NVDA,2019-09-18,-0.296,1,-0.006019722123341675,negative
NVDA,2019-09-23,-0.1204,3,0.01245015276124839,negative
NVDA,2019-09-24,0.4745,1,-0.013211998467048902,positive
NVDA,2019-09-26,-0.743,1,-0.004993391052621199,negative
NVDA,2019-09-30,0.7494,1,0.013449474116119076,positive
NVDA,2019-10-01,-0.8126,1,-0.00040244480261375504,negative
NVDA,2019-10-02,0.6395,2,-0.005517388339959739,positive
NVDA,2019-10-07,0.0941,12,0.012968988781091317,positive
NVDA,2019-10-08,0.2467,4,-0.038517322659633924,positive
NVDA,2019-10-09,0.836,1,0.019635279138671802,positive
NVDA,2019-10-10,0.7003,1,0.012838000200512623,positive
NVDA,2019-10-14,0.1066749999999999,8,0.002903336899540143,positive
NVDA,2019-10-15,0.10115,2,0.05275280111850478,positive
NVDA,2019-10-16,0.0,1,-0.010999474648751284,neutral
NVDA,2019-10-21,0.3264399999999999,5,0.028977942870404894,positive
NVDA,2019-10-22,-0.18795,2,-0.0020405139137286143,negative
NVDA,2019-10-23,0.64775,2,-0.0026585232057957375,positive
NVDA,2019-10-24,0.296,1,0.009072998694563683,positive
NVDA,2019-10-28,0.1727749999999999,4,0.011000468842940148,positive
NVDA,2019-10-29,0.32615,2,-0.01871459589956781,positive
NVDA,2019-10-30,0.0,1,0.0003943568982838208,neutral
NVDA,2019-11-04,-0.02044,5,0.039043693119499956,neutral
NVDA,2019-11-06,-0.08068,5,-0.00944584739972576,negative
NVDA,2019-11-11,0.1122777777777777,9,0.001925202669909698,positive
NVDA,2019-11-12,0.296,1,0.006868695426748284,positive
NVDA,2019-11-13,0.11533,10,-0.004961553130948038,positive
NVDA,2019-11-14,0.1472612903225806,31,0.005849329866355557,positive
NVDA,2019-11-18,0.08965,4,0.03962035055051549,positive
NVDA,2019-11-19,0.3404,2,-0.020209543590762102,positive
NVDA,2019-11-20,0.3252,1,0.015337314737062346,positive
NVDA,2019-11-25,0.19045,12,0.04893575338623912,positive
NVDA,2019-11-26,0.0,1,-0.019031870296654763,neutral
NVDA,2019-11-29,0.4588,1,-0.00687335720837412,positive
NVDA,2019-12-02,-0.1563,4,-0.03455743587336668,negative
NVDA,2019-12-03,0.2202,2,-0.007598502437206278,positive
NVDA,2019-12-05,0.0,1,-0.0032470621383132725,neutral
NVDA,2019-12-09,-0.0129,2,0.0,neutral
NVDA,2019-12-11,0.148,2,0.015702208381291438,positive
NVDA,2019-12-12,0.0,2,0.03096546242681586,neutral
NVDA,2019-12-16,-0.3612,1,0.005178860607901736,negative
NVDA,2019-12-17,0.0,3,0.013946218274316857,neutral
NVDA,2019-12-18,0.28595,2,0.005344227891492137,positive
NVDA,2019-12-19,0.22222,5,0.025924508760032827,positive
NVDA,2019-12-23,0.0,2,-0.0022978417846574173,neutral
NVDA,2019-12-26,-0.7906,1,0.0023888015833497533,negative
NVDA,2019-12-27,0.6369,1,-0.009699430661737396,positive
NVDA,2019-12-30,0.10715,4,-0.01920865370873881,positive
NVDA,2020-01-02,0.0,2,0.019592150243313178,neutral
NVDA,2020-01-06,0.0,2,0.004193950745424502,neutral
NVDA,2020-01-08,0.0,1,0.0018756789964355924,neutral
NVDA,2020-01-09,0.1965166666666666,6,0.010982436406200557,positive
NVDA,2020-01-13,0.19831,10,0.03135217082020203,positive
NVDA,2020-01-14,0.0577499999999999,2,-0.01865225939864168,positive
NVDA,2020-01-15,0.2553,2,-0.006915352111126594,positive
NVDA,2020-01-16,0.0510333333333333,3,0.013682522081349235,positive
NVDA,2020-01-17,0.0,1,0.0014059798588326178,neutral
NVDA,2020-01-21,-0.6486,1,-0.005375400378756501,negative
NVDA,2020-01-22,0.0,3,0.008752282954810786,neutral
NVDA,2020-01-23,0.0,2,0.010994699350811654,neutral
NVDA,2020-01-27,-0.29395,4,-0.04104119308958154,negative
NVDA,2020-01-29,-0.3674333333333333,3,-0.0097997647963739,negative
NVDA,2020-01-30,0.32135,2,0.0010993355378821068,positive
NVDA,2020-02-03,0.11734,5,0.01649550160987845,positive
NVDA,2020-02-05,0.0,1,0.014688800501836186,neutral
NVDA,2020-02-06,0.296,1,0.013917462882500065,positive
NVDA,2020-02-10,0.0103555555555555,9,0.04523220551185703,neutral
NVDA,2020-02-11,-0.0071249999999999,4,0.018709442040200308,neutral
NVDA,2020-02-12,-0.0442454545454545,11,0.017357851806454327,neutral
NVDA,2020-02-13,0.1320096774193548,31,-0.006457876678602648,positive
NVDA,2020-02-18,0.0181249999999999,16,0.02339610721999419,neutral
NVDA,2020-02-19,0.0181,4,0.06113223694057357,neutral
NVDA,2020-02-20,-0.7351,1,-0.01906563887169821,negative
NVDA,2020-02-24,-0.0942999999999999,7,-0.07069771199144237,negative
NVDA,2020-02-25,0.3185666666666666,3,-0.0410932687679576,positive
NVDA,2020-02-26,-0.2269333333333333,3,0.02136997637921345,negative
NVDA,2020-02-27,0.7579,1,-0.055665680954083085,positive
NVDA,2020-03-02,0.0093599999999999,5,0.02354942454093889,neutral
NVDA,2020-03-03,0.9073,1,-0.03812908491526035,positive
NVDA,2020-03-04,0.0,1,0.07002908325426271,neutral
NVDA,2020-03-05,0.0,2,-0.039436219359049174,neutral
NVDA,2020-03-09,-0.0873999999999999,3,-0.07743207911215444,negative
NVDA,2020-03-10,-0.0801,2,0.06372255841301477,negative
NVDA,2020-03-11,-0.3612,1,-0.05596006850026314,negative
NVDA,2020-03-12,-0.128,1,-0.12236776116842973,negative
NVDA,2020-03-16,-0.13615,4,-0.1845206982389801,negative
NVDA,2020-03-17,-0.2733333333333334,3,0.10626268774746706,negative
NVDA,2020-03-18,-0.1714333333333333,3,-0.06650717842488563,negative
NVDA,2020-03-19,0.2063,3,0.05004445286910286,positive
NVDA,2020-03-23,0.2283818181818181,11,0.03373010333998483,positive
NVDA,2020-03-24,0.4088,2,0.1715645028976711,positive
NVDA,2020-03-25,0.6705,1,-0.014287013923422687,positive
NVDA,2020-03-26,0.25,1,0.0473090130267535,positive
NVDA,2020-03-30,0.378275,4,0.050884198681048654,positive
NVDA,2020-03-31,-0.21075,2,-0.0074925185831531405,negative
NVDA,2020-04-02,-0.25365,2,0.051014257819115505,negative
NVDA,2020-04-06,0.4479333333333333,3,0.10040570307815955,positive
NVDA,2020-04-07,0.836,1,-0.034910654664121354,positive
NVDA,2020-04-08,0.0,1,0.03057570002742982,neutral
NVDA,2020-04-13,0.9552,1,0.026240918585057615,positive
NVDA,2020-04-14,-0.1591,2,0.05225111652263359,negative
NVDA,2020-04-15,0.28426,5,-0.010952727339419654,positive
NVDA,2020-04-16,0.0,1,0.04935190447258453,neutral
NVDA,2020-04-20,-0.2067333333333333,3,-0.018028324694677855,negative
NVDA,2020-04-21,0.5719,1,-0.06110419471531037,positive
NVDA,2020-04-22,0.2886,3,0.06174136129663976,positive
NVDA,2020-04-23,0.0,1,-0.007478549127613032,neutral
NVDA,2020-04-27,0.0497499999999999,6,0.025864157849768477,neutral
NVDA,2020-04-28,0.0459,2,-0.019253863875025812,neutral
NVDA,2020-04-29,0.0,1,0.02436858422516419,neutral
NVDA,2020-04-30,-0.6369,1,-0.02070648234275263,negative
NVDA,2020-05-04,0.5574,2,0.03009424874842015,positive
NVDA,2020-05-06,0.33525,2,0.013787666930952458,positive
NVDA,2020-05-07,0.9118,1,0.02377528867775225,positive
NVDA,2020-05-11,-0.0029222222222222,9,0.03238422862964341,neutral
NVDA,2020-05-12,0.1591,2,-0.03260818218137851,positive
NVDA,2020-05-13,0.3032333333333333,3,-0.002883703684799954,positive
NVDA,2020-05-14,0.2502,3,0.03219798565329368,positive
NVDA,2020-05-18,0.0603307692307692,13,0.030562721266376602,positive
NVDA,2020-05-19,0.35645,2,0.006314224657739231,positive
NVDA,2020-05-20,-0.0105444444444444,9,0.018681288097177395,neutral
NVDA,2020-05-21,0.02343,20,-0.021711155000489812,neutral
NVDA,2020-05-22,0.0,1,0.028602900010341825,neutral
NVDA,2020-05-26,0.1846833333333333,6,-0.03417802029297745,positive
NVDA,2020-05-27,0.0,1,-0.022081426915786295,neutral
NVDA,2020-06-01,0.4215,1,-0.0078022432217762505,positive
NVDA,2020-06-02,0.2202,2,0.0021573065074342868,positive
NVDA,2020-06-08,0.1686666666666666,3,-0.012892131048955702,positive
NVDA,2020-06-09,0.7296,1,0.02737033004841849,positive
NVDA,2020-06-10,0.2432,3,0.03545799960227303,positive
